"CountryName","NtlUnder5Mortality","Year"
"Andorra",2.9,2014
"Andorra",3.2,2011
"Andorra",3.3,2010
"Andorra",3,2013
"Andorra",3.1,2012
"Andorra",3.6,2007
"Andorra",3.7,2006
"Andorra",3.4,2009
"Andorra",3.5,2008
"Andorra",4.1,2003
"Andorra",4.2,2002
"Andorra",4.4,2001
"Andorra",4.6,2000
"Andorra",4,2004
"Andorra",,2017
"Andorra",2.7,2016
"Andorra",3.8,2005
"Andorra",2.8,2015
"United Arab Emirates",,2017
"United Arab Emirates",7.7,2016
"United Arab Emirates",7.8,2015
"United Arab Emirates",7.9,2014
"United Arab Emirates",8,2013
"United Arab Emirates",8.2,2012
"United Arab Emirates",8.3,2011
"United Arab Emirates",8.6,2010
"United Arab Emirates",8.8,2009
"United Arab Emirates",9.1,2008
"United Arab Emirates",9.3,2007
"United Arab Emirates",9.6,2006
"United Arab Emirates",9.8,2005
"United Arab Emirates",10.1,2004
"United Arab Emirates",10.3,2003
"United Arab Emirates",10.6,2002
"United Arab Emirates",10.9,2001
"United Arab Emirates",11.2,2000
"Afghanistan",,2017
"Afghanistan",70.4,2016
"Afghanistan",90.2,2010
"Afghanistan",94.1,2009
"Afghanistan",98.2,2008
"Afghanistan",102.2,2007
"Afghanistan",106.3,2006
"Afghanistan",110.3,2005
"Afghanistan",114.4,2004
"Afghanistan",118.3,2003
"Afghanistan",73.2,2015
"Afghanistan",76.1,2014
"Afghanistan",79.3,2013
"Afghanistan",82.8,2012
"Afghanistan",86.4,2011
"Afghanistan",129.7,2000
"Afghanistan",122.2,2002
"Afghanistan",126,2001
"Antigua and Barbuda",13.1,2003
"Antigua and Barbuda",13.6,2002
"Antigua and Barbuda",10.3,2010
"Antigua and Barbuda",10.6,2009
"Antigua and Barbuda",11,2008
"Antigua and Barbuda",11.4,2007
"Antigua and Barbuda",11.7,2006
"Antigua and Barbuda",12.1,2005
"Antigua and Barbuda",12.6,2004
"Antigua and Barbuda",,2017
"Antigua and Barbuda",8.5,2016
"Antigua and Barbuda",14.2,2001
"Antigua and Barbuda",14.9,2000
"Antigua and Barbuda",9.3,2013
"Antigua and Barbuda",9.6,2012
"Antigua and Barbuda",9.9,2011
"Antigua and Barbuda",8.7,2015
"Antigua and Barbuda",9,2014
"Albania",24.8,2001
"Albania",26,2000
"Albania",14.9,2013
"Albania",15.4,2012
"Albania",14,2015
"Albania",14.4,2014
"Albania",17.2,2009
"Albania",17.9,2008
"Albania",16,2011
"Albania",16.6,2010
"Albania",23.5,2002
"Albania",,2017
"Albania",13.5,2016
"Albania",18.6,2007
"Albania",19.4,2006
"Albania",20.4,2005
"Albania",21.4,2004
"Albania",22.4,2003
"Armenia",28.6,2001
"Armenia",27.2,2002
"Armenia",16.3,2012
"Armenia",30.1,2000
"Armenia",14.7,2014
"Armenia",15.5,2013
"Armenia",22.2,2006
"Armenia",23.4,2005
"Armenia",24.6,2004
"Armenia",25.9,2003
"Armenia",,2017
"Armenia",13.4,2016
"Armenia",14,2015
"Armenia",18.1,2010
"Armenia",19,2009
"Armenia",20,2008
"Armenia",17.2,2011
"Armenia",21.1,2007
"Angola",,2017
"Angola",82.5,2016
"Angola",86.5,2015
"Angola",96.8,2013
"Angola",103.5,2012
"Angola",111,2011
"Angola",91.2,2014
"Angola",157.5,2006
"Angola",167.2,2005
"Angola",177,2004
"Angola",185.7,2003
"Angola",193.9,2002
"Angola",200.9,2001
"Angola",207,2000
"Angola",137.9,2008
"Angola",147.6,2007
"Angola",119.4,2010
"Angola",128.3,2009
"Argentina",13.3,2012
"Argentina",13.9,2011
"Argentina",12.1,2014
"Argentina",12.7,2013
"Argentina",15.4,2008
"Argentina",15.8,2007
"Argentina",14.5,2010
"Argentina",15,2009
"Argentina",,2017
"Argentina",11.1,2016
"Argentina",11.6,2015
"Argentina",17.6,2003
"Argentina",18.1,2002
"Argentina",18.7,2001
"Argentina",19.4,2000
"Argentina",17.1,2004
"Argentina",16.1,2006
"Argentina",16.6,2005
"American Samoa",,2017
"American Samoa",,2016
"American Samoa",,2015
"American Samoa",,2010
"American Samoa",,2009
"American Samoa",,2008
"American Samoa",,2007
"American Samoa",,2006
"American Samoa",,2005
"American Samoa",,2004
"American Samoa",,2003
"American Samoa",,2002
"American Samoa",,2014
"American Samoa",,2013
"American Samoa",,2012
"American Samoa",,2011
"American Samoa",,2001
"American Samoa",,2000
"Austria",,2017
"Austria",3.5,2016
"Austria",3.6,2015
"Austria",3.9,2013
"Austria",4.1,2012
"Austria",4.2,2011
"Austria",3.7,2014
"Austria",4.9,2005
"Austria",5.1,2004
"Austria",5.2,2003
"Austria",5.3,2002
"Austria",5.4,2001
"Austria",5.5,2000
"Austria",4.6,2008
"Austria",4.6,2007
"Austria",4.3,2010
"Austria",4.5,2009
"Austria",4.8,2006
"Australia",6.1,2001
"Australia",4.3,2012
"Australia",4.6,2011
"Australia",6.2,2000
"Australia",4.2,2013
"Australia",5.2,2008
"Australia",5.4,2007
"Australia",4.8,2010
"Australia",5,2009
"Australia",,2017
"Australia",3.7,2016
"Australia",3.8,2015
"Australia",4,2014
"Australia",5.7,2005
"Australia",5.8,2004
"Australia",5.9,2003
"Australia",5.6,2006
"Australia",6,2002
"Aruba",,2017
"Aruba",,2016
"Aruba",,2015
"Aruba",,2009
"Aruba",,2008
"Aruba",,2007
"Aruba",,2006
"Aruba",,2005
"Aruba",,2004
"Aruba",,2003
"Aruba",,2002
"Aruba",,2014
"Aruba",,2013
"Aruba",,2012
"Aruba",,2011
"Aruba",,2010
"Aruba",,2001
"Aruba",,2000
"Azerbaijan",,2017
"Azerbaijan",30.9,2016
"Azerbaijan",37.4,2011
"Azerbaijan",39.2,2010
"Azerbaijan",41.2,2009
"Azerbaijan",43.5,2008
"Azerbaijan",46,2007
"Azerbaijan",48.8,2006
"Azerbaijan",51.9,2005
"Azerbaijan",55.5,2004
"Azerbaijan",59.5,2003
"Azerbaijan",32,2015
"Azerbaijan",33.2,2014
"Azerbaijan",34.5,2013
"Azerbaijan",35.9,2012
"Azerbaijan",64,2002
"Azerbaijan",69.1,2001
"Azerbaijan",74.3,2000
"Bosnia and Herzegovina",9.2,2003
"Bosnia and Herzegovina",9.3,2002
"Bosnia and Herzegovina",6.9,2010
"Bosnia and Herzegovina",7.2,2009
"Bosnia and Herzegovina",7.7,2008
"Bosnia and Herzegovina",8.1,2007
"Bosnia and Herzegovina",8.5,2006
"Bosnia and Herzegovina",8.8,2005
"Bosnia and Herzegovina",9,2004
"Bosnia and Herzegovina",,2017
"Bosnia and Herzegovina",6,2016
"Bosnia and Herzegovina",9.6,2001
"Bosnia and Herzegovina",9.9,2000
"Bosnia and Herzegovina",6.2,2013
"Bosnia and Herzegovina",6.4,2012
"Bosnia and Herzegovina",6.6,2011
"Bosnia and Herzegovina",6.1,2015
"Bosnia and Herzegovina",6.1,2014
"Barbados",13.6,2012
"Barbados",13.9,2011
"Barbados",13,2014
"Barbados",13.3,2013
"Barbados",14.7,2008
"Barbados",15,2007
"Barbados",14.2,2010
"Barbados",14.5,2009
"Barbados",,2017
"Barbados",12.3,2016
"Barbados",12.6,2015
"Barbados",15.2,2002
"Barbados",15,2001
"Barbados",14.8,2000
"Barbados",15.5,2004
"Barbados",15.4,2003
"Barbados",15.2,2006
"Barbados",15.4,2005
"Bangladesh",78.4,2002
"Bangladesh",46.5,2011
"Bangladesh",49.4,2010
"Bangladesh",52.6,2009
"Bangladesh",55.8,2008
"Bangladesh",59.3,2007
"Bangladesh",62.8,2006
"Bangladesh",66.5,2005
"Bangladesh",70.3,2004
"Bangladesh",74.3,2003
"Bangladesh",,2017
"Bangladesh",82.8,2001
"Bangladesh",87.4,2000
"Bangladesh",38.6,2014
"Bangladesh",41.1,2013
"Bangladesh",43.7,2012
"Bangladesh",34.2,2016
"Bangladesh",36.3,2015
"Belgium",,2017
"Belgium",3.9,2016
"Belgium",4.5,2010
"Belgium",4.6,2009
"Belgium",4.7,2008
"Belgium",4.8,2007
"Belgium",4.9,2006
"Belgium",5,2005
"Belgium",5.2,2004
"Belgium",5.3,2003
"Belgium",4,2015
"Belgium",4.1,2014
"Belgium",4.2,2013
"Belgium",4.3,2012
"Belgium",4.4,2011
"Belgium",5.5,2002
"Belgium",5.7,2001
"Belgium",5.9,2000
"Burkina Faso",,2017
"Burkina Faso",84.6,2016
"Burkina Faso",109.6,2011
"Burkina Faso",116.4,2010
"Burkina Faso",123.6,2009
"Burkina Faso",131.1,2008
"Burkina Faso",139,2007
"Burkina Faso",146.9,2006
"Burkina Faso",154.6,2005
"Burkina Faso",161.8,2004
"Burkina Faso",167.9,2003
"Burkina Faso",88.5,2015
"Burkina Faso",92.8,2014
"Burkina Faso",97.7,2013
"Burkina Faso",103.3,2012
"Burkina Faso",172.9,2002
"Burkina Faso",177.1,2001
"Burkina Faso",180.6,2000
"Bulgaria",,2017
"Bulgaria",7.6,2016
"Bulgaria",8.2,2015
"Bulgaria",9.3,2013
"Bulgaria",9.9,2012
"Bulgaria",10.4,2011
"Bulgaria",8.8,2014
"Bulgaria",13.3,2005
"Bulgaria",14.2,2004
"Bulgaria",15.1,2003
"Bulgaria",16,2002
"Bulgaria",16.7,2001
"Bulgaria",17.5,2000
"Bulgaria",11.4,2008
"Bulgaria",11.8,2007
"Bulgaria",10.8,2010
"Bulgaria",11.1,2009
"Bulgaria",12.5,2006
"Bahrain",,2017
"Bahrain",7.6,2016
"Bahrain",7.8,2014
"Bahrain",7.9,2013
"Bahrain",8.1,2012
"Bahrain",7.7,2015
"Bahrain",9.4,2008
"Bahrain",9.8,2007
"Bahrain",10.2,2006
"Bahrain",10.6,2005
"Bahrain",11,2004
"Bahrain",11.3,2003
"Bahrain",11.6,2002
"Bahrain",12,2001
"Bahrain",12.5,2000
"Bahrain",8.3,2011
"Bahrain",8.6,2010
"Bahrain",9,2009
"Burundi",74.6,2015
"Burundi",89.1,2011
"Burundi",77.9,2014
"Burundi",81.2,2013
"Burundi",85,2012
"Burundi",110.6,2007
"Burundi",93.6,2010
"Burundi",98.7,2009
"Burundi",104.4,2008
"Burundi",136,2003
"Burundi",141.4,2002
"Burundi",146.3,2001
"Burundi",151,2000
"Burundi",130.1,2004
"Burundi",,2017
"Burundi",117.3,2006
"Burundi",123.9,2005
"Burundi",71.7,2016
"Benin",,2017
"Benin",97.6,2016
"Benin",102.8,2014
"Benin",105.1,2013
"Benin",107.2,2012
"Benin",100.3,2015
"Benin",121,2006
"Benin",124.4,2005
"Benin",128.2,2004
"Benin",132.5,2003
"Benin",136.6,2002
"Benin",140.7,2001
"Benin",144.4,2000
"Benin",115.6,2008
"Benin",109.2,2011
"Benin",111.1,2010
"Benin",113.2,2009
"Benin",118.1,2007
"Bermuda",,2017
"Bermuda",,2000
"Bermuda",,2013
"Bermuda",,2012
"Bermuda",,2011
"Bermuda",,2010
"Bermuda",,2009
"Bermuda",,2008
"Bermuda",,2007
"Bermuda",,2006
"Bermuda",,2005
"Bermuda",,2004
"Bermuda",,2016
"Bermuda",,2015
"Bermuda",,2014
"Bermuda",,2001
"Bermuda",,2003
"Bermuda",,2002
"Brunei Darussalam",11.8,2001
"Brunei Darussalam",11.8,2002
"Brunei Darussalam",10.3,2012
"Brunei Darussalam",11.8,2000
"Brunei Darussalam",10.1,2014
"Brunei Darussalam",10.2,2013
"Brunei Darussalam",10.9,2008
"Brunei Darussalam",10.4,2011
"Brunei Darussalam",10.5,2010
"Brunei Darussalam",10.7,2009
"Brunei Darussalam",,2017
"Brunei Darussalam",9.9,2016
"Brunei Darussalam",10,2015
"Brunei Darussalam",11.3,2006
"Brunei Darussalam",11.5,2005
"Brunei Darussalam",11.7,2004
"Brunei Darussalam",11.1,2007
"Brunei Darussalam",11.8,2003
"Bolivia (Plurinational State of)",,2017
"Bolivia (Plurinational State of)",36.9,2016
"Bolivia (Plurinational State of)",38.2,2015
"Bolivia (Plurinational State of)",41.1,2013
"Bolivia (Plurinational State of)",42.8,2012
"Bolivia (Plurinational State of)",44.6,2011
"Bolivia (Plurinational State of)",39.6,2014
"Bolivia (Plurinational State of)",57.7,2006
"Bolivia (Plurinational State of)",61.1,2005
"Bolivia (Plurinational State of)",64.5,2004
"Bolivia (Plurinational State of)",68.1,2003
"Bolivia (Plurinational State of)",71.8,2002
"Bolivia (Plurinational State of)",75.7,2001
"Bolivia (Plurinational State of)",79.8,2000
"Bolivia (Plurinational State of)",51.6,2008
"Bolivia (Plurinational State of)",54.6,2007
"Bolivia (Plurinational State of)",46.6,2010
"Bolivia (Plurinational State of)",48.9,2009
"Brazil",29.6,2003
"Brazil",31.5,2002
"Brazil",33.6,2001
"Brazil",35.8,2000
"Brazil",17.2,2013
"Brazil",18,2012
"Brazil",24.5,2006
"Brazil",26.1,2005
"Brazil",27.8,2004
"Brazil",,2017
"Brazil",15.1,2016
"Brazil",15.7,2015
"Brazil",16.4,2014
"Brazil",20.8,2009
"Brazil",21.9,2008
"Brazil",18.9,2011
"Brazil",19.8,2010
"Brazil",23.2,2007
"Bahamas",11,2015
"Bahamas",13.2,2011
"Bahamas",11.5,2014
"Bahamas",12,2013
"Bahamas",12.6,2012
"Bahamas",15.6,2007
"Bahamas",13.8,2010
"Bahamas",14.5,2009
"Bahamas",15.1,2008
"Bahamas",16.3,2003
"Bahamas",16.2,2002
"Bahamas",16.1,2001
"Bahamas",16.1,2000
"Bahamas",16.3,2004
"Bahamas",,2017
"Bahamas",16,2006
"Bahamas",16.2,2005
"Bahamas",10.6,2016
"Bhutan",35.1,2014
"Bhutan",33.6,2015
"Bhutan",42.7,2010
"Bhutan",36.7,2013
"Bhutan",38.4,2012
"Bhutan",40.4,2011
"Bhutan",54.5,2006
"Bhutan",45.4,2009
"Bhutan",48.2,2008
"Bhutan",51.3,2007
"Bhutan",69.2,2002
"Bhutan",73.2,2001
"Bhutan",77.4,2000
"Bhutan",61.5,2004
"Bhutan",65.3,2003
"Bhutan",32.4,2016
"Bhutan",57.9,2005
"Bhutan",,2017
"Botswana",49.4,2012
"Botswana",51.7,2011
"Botswana",44.6,2014
"Botswana",46.3,2013
"Botswana",60,2008
"Botswana",62,2007
"Botswana",52.5,2010
"Botswana",56.6,2009
"Botswana",,2017
"Botswana",40.6,2016
"Botswana",42.1,2015
"Botswana",81,2002
"Botswana",82.7,2001
"Botswana",83.7,2000
"Botswana",75.6,2004
"Botswana",78.6,2003
"Botswana",64.2,2006
"Botswana",69.8,2005
"Belarus",10,2003
"Belarus",10.9,2002
"Belarus",11.8,2001
"Belarus",12.8,2000
"Belarus",4.5,2013
"Belarus",4.8,2012
"Belarus",7.8,2006
"Belarus",8.5,2005
"Belarus",9.3,2004
"Belarus",,2017
"Belarus",3.9,2016
"Belarus",4,2015
"Belarus",4.2,2014
"Belarus",6,2009
"Belarus",6.6,2008
"Belarus",5.1,2011
"Belarus",5.5,2010
"Belarus",7.2,2007
"Belize",22.6,2002
"Belize",17.6,2012
"Belize",23.3,2001
"Belize",24.1,2000
"Belize",17,2013
"Belize",19.7,2008
"Belize",18.2,2011
"Belize",18.8,2010
"Belize",19.3,2009
"Belize",,2017
"Belize",14.9,2016
"Belize",15.6,2015
"Belize",16.3,2014
"Belize",21,2005
"Belize",21.4,2004
"Belize",20.1,2007
"Belize",20.5,2006
"Belize",22,2003
"Canada",6.2,2002
"Canada",5.3,2013
"Canada",6.2,2001
"Canada",6.2,2000
"Canada",5.2,2014
"Canada",5.9,2007
"Canada",6,2006
"Canada",6.1,2005
"Canada",6.1,2004
"Canada",6.1,2003
"Canada",,2017
"Canada",4.9,2016
"Canada",5.1,2015
"Canada",5.6,2010
"Canada",5.7,2009
"Canada",5.4,2012
"Canada",5.5,2011
"Canada",5.8,2008
"Democratic Republic of the Congo",146.7,2003
"Democratic Republic of the Congo",151.1,2002
"Democratic Republic of the Congo",155.5,2001
"Democratic Republic of the Congo",159.8,2000
"Democratic Republic of the Congo",104.4,2013
"Democratic Republic of the Congo",108.1,2012
"Democratic Republic of the Congo",111.7,2011
"Democratic Republic of the Congo",137.4,2005
"Democratic Republic of the Congo",142.1,2004
"Democratic Republic of the Congo",,2017
"Democratic Republic of the Congo",94.3,2016
"Democratic Republic of the Congo",97.6,2015
"Democratic Republic of the Congo",101,2014
"Democratic Republic of the Congo",119.6,2009
"Democratic Republic of the Congo",123.8,2008
"Democratic Republic of the Congo",128.3,2007
"Democratic Republic of the Congo",115.6,2010
"Democratic Republic of the Congo",132.8,2006
"Central African Republic",169,2002
"Central African Republic",141.3,2012
"Central African Republic",170.7,2001
"Central African Republic",172.3,2000
"Central African Republic",137.7,2013
"Central African Republic",156.2,2008
"Central African Republic",145.2,2011
"Central African Republic",148.9,2010
"Central African Republic",152.7,2009
"Central African Republic",,2017
"Central African Republic",123.6,2016
"Central African Republic",128.8,2015
"Central African Republic",133.6,2014
"Central African Republic",163.5,2005
"Central African Republic",165.3,2004
"Central African Republic",159,2007
"Central African Republic",161.2,2006
"Central African Republic",167.2,2003
"Congo",,2017
"Congo",54.1,2016
"Congo",55.4,2015
"Congo",67.3,2009
"Congo",71.6,2008
"Congo",76.8,2007
"Congo",82.9,2006
"Congo",89.8,2005
"Congo",97,2004
"Congo",103.9,2003
"Congo",110.1,2002
"Congo",56.5,2014
"Congo",57.7,2013
"Congo",59.2,2012
"Congo",61.3,2011
"Congo",63.9,2010
"Congo",114.8,2001
"Congo",117.3,2000
"Switzerland",,2017
"Switzerland",4.1,2016
"Switzerland",4.1,2015
"Switzerland",4.2,2014
"Switzerland",4.3,2013
"Switzerland",4.4,2012
"Switzerland",4.5,2011
"Switzerland",4.5,2010
"Switzerland",4.6,2009
"Switzerland",4.7,2008
"Switzerland",4.8,2007
"Switzerland",4.9,2006
"Switzerland",5.1,2005
"Switzerland",5.2,2004
"Switzerland",5.3,2003
"Switzerland",5.4,2002
"Switzerland",5.5,2001
"Switzerland",5.6,2000
"Cote d'Ivoire",,2017
"Cote d'Ivoire",91.8,2016
"Cote d'Ivoire",95.1,2015
"Cote d'Ivoire",101.7,2013
"Cote d'Ivoire",104.9,2012
"Cote d'Ivoire",107.7,2011
"Cote d'Ivoire",98.3,2014
"Cote d'Ivoire",127.7,2005
"Cote d'Ivoire",131.1,2004
"Cote d'Ivoire",134.5,2003
"Cote d'Ivoire",137.6,2002
"Cote d'Ivoire",141.5,2001
"Cote d'Ivoire",145.7,2000
"Cote d'Ivoire",116.1,2008
"Cote d'Ivoire",120.1,2007
"Cote d'Ivoire",110.5,2010
"Cote d'Ivoire",112.8,2009
"Cote d'Ivoire",124.4,2006
"Chile",8.3,2016
"Chile",8.4,2015
"Chile",8.5,2014
"Chile",8.5,2013
"Chile",8.5,2012
"Chile",8.6,2011
"Chile",8.7,2010
"Chile",8.9,2009
"Chile",9.1,2008
"Chile",9.5,2003
"Chile",9.8,2002
"Chile",10.3,2001
"Chile",10.9,2000
"Chile",9.3,2004
"Chile",9.1,2007
"Chile",9.1,2006
"Chile",9.2,2005
"Chile",,2017
"Cameroon",97,2012
"Cameroon",83.3,2015
"Cameroon",87.5,2014
"Cameroon",91.9,2013
"Cameroon",120.2,2008
"Cameroon",102.5,2011
"Cameroon",108.3,2010
"Cameroon",114.5,2009
"Cameroon",,2017
"Cameroon",79.7,2016
"Cameroon",141.4,2004
"Cameroon",147,2003
"Cameroon",153.2,2002
"Cameroon",159.8,2001
"Cameroon",165.7,2000
"Cameroon",125.7,2007
"Cameroon",131,2006
"Cameroon",136.3,2005
"China",,2017
"China",10.7,2015
"China",11.5,2014
"China",12.5,2013
"China",9.9,2016
"China",14.6,2011
"China",15.7,2010
"China",17,2009
"China",18.4,2008
"China",20,2007
"China",21.9,2006
"China",24,2005
"China",26.3,2004
"China",28.9,2003
"China",31.6,2002
"China",34.3,2001
"China",36.9,2000
"China",13.5,2012
"Colombia",17.4,2012
"Colombia",18,2011
"Colombia",18.6,2010
"Colombia",19.2,2009
"Colombia",19.8,2008
"Colombia",20.4,2007
"Colombia",21,2006
"Colombia",21.6,2005
"Colombia",22.3,2004
"Colombia",22.9,2003
"Colombia",23.6,2002
"Colombia",24.3,2001
"Colombia",25,2000
"Colombia",15.3,2016
"Colombia",15.8,2015
"Colombia",16.3,2014
"Colombia",16.8,2013
"Colombia",,2017
"Costa Rica",12.2,2001
"Costa Rica",10,2012
"Costa Rica",10.1,2011
"Costa Rica",12.9,2000
"Costa Rica",9.8,2013
"Costa Rica",10.4,2008
"Costa Rica",10.4,2007
"Costa Rica",10.2,2010
"Costa Rica",10.3,2009
"Costa Rica",,2017
"Costa Rica",8.8,2016
"Costa Rica",9.1,2015
"Costa Rica",9.4,2014
"Costa Rica",10.5,2005
"Costa Rica",10.8,2004
"Costa Rica",11.2,2003
"Costa Rica",10.3,2006
"Costa Rica",11.7,2002
"Cuba",5.7,2014
"Cuba",5.6,2015
"Cuba",6.1,2010
"Cuba",5.7,2013
"Cuba",5.8,2012
"Cuba",6,2011
"Cuba",6.6,2006
"Cuba",6.2,2009
"Cuba",6.3,2008
"Cuba",6.4,2007
"Cuba",7.8,2002
"Cuba",8.1,2001
"Cuba",8.3,2000
"Cuba",7.2,2004
"Cuba",7.5,2003
"Cuba",,2017
"Cuba",6.8,2005
"Cuba",5.5,2016
"Cabo Verde",,2017
"Cabo Verde",21.4,2016
"Cabo Verde",23,2014
"Cabo Verde",23.9,2013
"Cabo Verde",24.8,2012
"Cabo Verde",22.2,2015
"Cabo Verde",27.8,2007
"Cabo Verde",27.9,2006
"Cabo Verde",27.9,2005
"Cabo Verde",28.3,2004
"Cabo Verde",29,2003
"Cabo Verde",30.5,2002
"Cabo Verde",32.8,2001
"Cabo Verde",36,2000
"Cabo Verde",27.5,2008
"Cabo Verde",25.7,2011
"Cabo Verde",26.5,2010
"Cabo Verde",27.1,2009
"Curacao",,2017
"Curacao",,2016
"Curacao",,2015
"Curacao",,2013
"Curacao",,2012
"Curacao",,2011
"Curacao",,2014
"Curacao",,2006
"Curacao",,2005
"Curacao",,2004
"Curacao",,2003
"Curacao",,2002
"Curacao",,2001
"Curacao",,2000
"Curacao",,2008
"Curacao",,2007
"Curacao",,2010
"Curacao",,2009
"Cyprus",5.6,2003
"Cyprus",5.9,2002
"Cyprus",3.6,2010
"Cyprus",3.8,2009
"Cyprus",4,2008
"Cyprus",4.3,2007
"Cyprus",4.6,2006
"Cyprus",4.9,2005
"Cyprus",5.2,2004
"Cyprus",,2017
"Cyprus",2.6,2016
"Cyprus",6.3,2001
"Cyprus",6.7,2000
"Cyprus",3,2013
"Cyprus",3.2,2012
"Cyprus",3.4,2011
"Cyprus",2.7,2015
"Cyprus",2.9,2014
"Czech Republic",3.2,2012
"Czech Republic",3.2,2011
"Czech Republic",3.1,2014
"Czech Republic",3.1,2013
"Czech Republic",3.7,2008
"Czech Republic",3.9,2007
"Czech Republic",3.4,2010
"Czech Republic",3.5,2009
"Czech Republic",,2017
"Czech Republic",3.2,2016
"Czech Republic",3.2,2015
"Czech Republic",5,2002
"Czech Republic",5.2,2001
"Czech Republic",5.5,2000
"Czech Republic",4.6,2004
"Czech Republic",4.8,2003
"Czech Republic",4.1,2006
"Czech Republic",4.4,2005
"Germany",,2017
"Germany",3.8,2016
"Germany",4.2,2010
"Germany",4.3,2009
"Germany",4.4,2008
"Germany",4.5,2007
"Germany",4.6,2006
"Germany",4.7,2005
"Germany",4.9,2004
"Germany",5,2003
"Germany",3.9,2015
"Germany",3.9,2014
"Germany",4,2013
"Germany",4,2012
"Germany",4.1,2011
"Germany",5.1,2002
"Germany",5.2,2001
"Germany",5.4,2000
"Djibouti",,2017
"Djibouti",64.2,2016
"Djibouti",76.5,2010
"Djibouti",78.9,2009
"Djibouti",81.2,2008
"Djibouti",83.7,2007
"Djibouti",86.1,2006
"Djibouti",88.5,2005
"Djibouti",91,2004
"Djibouti",93.4,2003
"Djibouti",66.2,2015
"Djibouti",68.2,2014
"Djibouti",70.2,2013
"Djibouti",72.2,2012
"Djibouti",74.4,2011
"Djibouti",100.2,2000
"Djibouti",95.7,2002
"Djibouti",98,2001
"Denmark",5.2,2003
"Denmark",5.3,2002
"Denmark",5.4,2001
"Denmark",5.5,2000
"Denmark",4.1,2013
"Denmark",4.1,2012
"Denmark",4.6,2006
"Denmark",4.8,2005
"Denmark",5,2004
"Denmark",,2017
"Denmark",4.4,2016
"Denmark",4.3,2015
"Denmark",4.2,2014
"Denmark",4.2,2009
"Denmark",4.3,2008
"Denmark",4.1,2011
"Denmark",4.1,2010
"Denmark",4.5,2007
"Dominica",15.2,2001
"Dominica",15.2,2002
"Dominica",26.7,2012
"Dominica",15.4,2000
"Dominica",31.4,2014
"Dominica",29.2,2013
"Dominica",18.8,2008
"Dominica",24.2,2011
"Dominica",22.1,2010
"Dominica",20.3,2009
"Dominica",,2017
"Dominica",34,2016
"Dominica",33,2015
"Dominica",16.7,2006
"Dominica",16.1,2005
"Dominica",15.6,2004
"Dominica",17.6,2007
"Dominica",15.3,2003
"Dominican Republic",,2017
"Dominican Republic",30.7,2016
"Dominican Republic",31.5,2015
"Dominican Republic",32.8,2013
"Dominican Republic",33.4,2012
"Dominican Republic",33.9,2011
"Dominican Republic",32.2,2014
"Dominican Republic",36.8,2005
"Dominican Republic",37.4,2004
"Dominican Republic",38.1,2003
"Dominican Republic",39,2002
"Dominican Republic",39.9,2001
"Dominican Republic",41,2000
"Dominican Republic",35.2,2008
"Dominican Republic",35.7,2007
"Dominican Republic",34.4,2010
"Dominican Republic",34.8,2009
"Dominican Republic",36.2,2006
"Algeria",25.2,2016
"Algeria",25.5,2015
"Algeria",25.6,2014
"Algeria",,2017
"Algeria",26.1,2012
"Algeria",26.6,2011
"Algeria",27.3,2010
"Algeria",25.8,2013
"Algeria",35.1,2004
"Algeria",36.5,2003
"Algeria",37.8,2002
"Algeria",38.9,2001
"Algeria",39.7,2000
"Algeria",29.4,2008
"Algeria",30.7,2007
"Algeria",32.1,2006
"Algeria",28.3,2009
"Algeria",33.5,2005
"Ecuador",,2017
"Ecuador",20.9,2016
"Ecuador",24.4,2011
"Ecuador",25.1,2010
"Ecuador",26,2009
"Ecuador",26.8,2008
"Ecuador",27.5,2007
"Ecuador",28.3,2006
"Ecuador",29.2,2005
"Ecuador",30,2004
"Ecuador",30.9,2003
"Ecuador",21.5,2015
"Ecuador",22.2,2014
"Ecuador",22.9,2013
"Ecuador",23.7,2012
"Ecuador",32,2002
"Ecuador",33.2,2001
"Ecuador",34.5,2000
"Estonia",10.2,2001
"Estonia",3.3,2014
"Estonia",3.6,2013
"Estonia",11,2000
"Estonia",3.1,2015
"Estonia",5.9,2007
"Estonia",6.5,2006
"Estonia",7.1,2005
"Estonia",7.8,2004
"Estonia",8.5,2003
"Estonia",9.3,2002
"Estonia",,2017
"Estonia",2.9,2016
"Estonia",4.2,2011
"Estonia",4.5,2010
"Estonia",5,2009
"Estonia",3.9,2012
"Estonia",5.4,2008
"Egypt",23.7,2015
"Egypt",27.9,2011
"Egypt",24.7,2014
"Egypt",25.6,2013
"Egypt",26.7,2012
"Egypt",33.1,2007
"Egypt",29.1,2010
"Egypt",30.4,2009
"Egypt",31.7,2008
"Egypt",39.7,2003
"Egypt",41.8,2002
"Egypt",44.2,2001
"Egypt",46.9,2000
"Egypt",37.8,2004
"Egypt",,2017
"Egypt",34.6,2006
"Egypt",36.1,2005
"Egypt",22.8,2016
"Eritrea",51.1,2012
"Eritrea",45.9,2015
"Eritrea",47.6,2014
"Eritrea",49.3,2013
"Eritrea",60,2008
"Eritrea",53.1,2011
"Eritrea",55.2,2010
"Eritrea",57.4,2009
"Eritrea",,2017
"Eritrea",44.5,2016
"Eritrea",69.2,2005
"Eritrea",72.7,2004
"Eritrea",76.4,2003
"Eritrea",80.3,2002
"Eritrea",84.4,2001
"Eritrea",88.9,2000
"Eritrea",62.9,2007
"Eritrea",65.9,2006
"Spain",,2017
"Spain",3.3,2016
"Spain",3.4,2015
"Spain",3.4,2014
"Spain",3.5,2013
"Spain",3.6,2012
"Spain",3.7,2011
"Spain",3.8,2010
"Spain",4,2009
"Spain",4.2,2008
"Spain",4.4,2007
"Spain",4.5,2006
"Spain",4.7,2005
"Spain",4.9,2004
"Spain",5,2003
"Spain",5.2,2002
"Spain",5.3,2001
"Spain",5.4,2000
"Ethiopia",,2017
"Ethiopia",58.4,2016
"Ethiopia",61.3,2015
"Ethiopia",85.9,2009
"Ethiopia",91.2,2008
"Ethiopia",97.1,2007
"Ethiopia",103.5,2006
"Ethiopia",110.2,2005
"Ethiopia",117.1,2004
"Ethiopia",124,2003
"Ethiopia",130.9,2002
"Ethiopia",64.4,2014
"Ethiopia",68,2013
"Ethiopia",72,2012
"Ethiopia",76.2,2011
"Ethiopia",80.9,2010
"Ethiopia",137.4,2001
"Ethiopia",143.7,2000
"Finland",,2017
"Finland",2.3,2016
"Finland",2.9,2011
"Finland",3,2010
"Finland",3.2,2009
"Finland",3.3,2008
"Finland",3.5,2007
"Finland",3.6,2006
"Finland",3.8,2005
"Finland",3.9,2004
"Finland",4,2003
"Finland",2.4,2015
"Finland",2.5,2014
"Finland",2.6,2013
"Finland",2.8,2012
"Finland",4.1,2002
"Finland",4.2,2001
"Finland",4.3,2000
"Fiji",,2017
"Fiji",22,2016
"Fiji",22.5,2015
"Fiji",23.4,2013
"Fiji",23.7,2012
"Fiji",23.9,2011
"Fiji",23,2014
"Fiji",23.1,2005
"Fiji",22.6,2004
"Fiji",22.3,2003
"Fiji",22.2,2002
"Fiji",22.2,2001
"Fiji",22.4,2000
"Fiji",24.1,2008
"Fiji",23.8,2007
"Fiji",24.1,2010
"Fiji",24.2,2009
"Fiji",23.5,2006
"Micronesia (Federated States of)",,2017
"Micronesia (Federated States of)",33.3,2016
"Micronesia (Federated States of)",34.3,2015
"Micronesia (Federated States of)",35.4,2014
"Micronesia (Federated States of)",36.5,2013
"Micronesia (Federated States of)",37.7,2012
"Micronesia (Federated States of)",38.8,2011
"Micronesia (Federated States of)",40,2010
"Micronesia (Federated States of)",41.3,2009
"Micronesia (Federated States of)",42.5,2008
"Micronesia (Federated States of)",43.9,2007
"Micronesia (Federated States of)",45.2,2006
"Micronesia (Federated States of)",46.6,2005
"Micronesia (Federated States of)",47.9,2004
"Micronesia (Federated States of)",49.2,2003
"Micronesia (Federated States of)",50.6,2002
"Micronesia (Federated States of)",51.6,2001
"Micronesia (Federated States of)",52.7,2000
"Faroe Islands",,2001
"Faroe Islands",,2012
"Faroe Islands",,2011
"Faroe Islands",,2000
"Faroe Islands",,2013
"Faroe Islands",,2008
"Faroe Islands",,2007
"Faroe Islands",,2010
"Faroe Islands",,2009
"Faroe Islands",,2017
"Faroe Islands",,2016
"Faroe Islands",,2015
"Faroe Islands",,2014
"Faroe Islands",,2005
"Faroe Islands",,2004
"Faroe Islands",,2003
"Faroe Islands",,2006
"Faroe Islands",,2002
"France",3.9,2015
"France",4.2,2011
"France",4,2014
"France",4.1,2013
"France",4.1,2012
"France",4.4,2007
"France",4.2,2010
"France",4.3,2009
"France",4.3,2008
"France",4.9,2003
"France",5.1,2002
"France",5.2,2001
"France",5.4,2000
"France",4.7,2004
"France",,2017
"France",4.5,2006
"France",4.6,2005
"France",3.9,2016
"Gabon",81.6,2002
"Gabon",61,2011
"Gabon",63.7,2010
"Gabon",66.3,2009
"Gabon",68.9,2008
"Gabon",71.6,2007
"Gabon",74.1,2006
"Gabon",76.1,2005
"Gabon",78.1,2004
"Gabon",79.9,2003
"Gabon",,2017
"Gabon",83.1,2001
"Gabon",84.6,2000
"Gabon",53,2014
"Gabon",55.3,2013
"Gabon",58.2,2012
"Gabon",47.4,2016
"Gabon",50.6,2015
"United Kingdom of Great Britain and Northern Ireland",,2017
"United Kingdom of Great Britain and Northern Ireland",4.3,2016
"United Kingdom of Great Britain and Northern Ireland",4.4,2015
"United Kingdom of Great Britain and Northern Ireland",4.5,2014
"United Kingdom of Great Britain and Northern Ireland",4.6,2013
"United Kingdom of Great Britain and Northern Ireland",4.8,2012
"United Kingdom of Great Britain and Northern Ireland",5,2011
"United Kingdom of Great Britain and Northern Ireland",5.2,2010
"United Kingdom of Great Britain and Northern Ireland",5.4,2009
"United Kingdom of Great Britain and Northern Ireland",5.6,2008
"United Kingdom of Great Britain and Northern Ireland",5.8,2007
"United Kingdom of Great Britain and Northern Ireland",5.9,2006
"United Kingdom of Great Britain and Northern Ireland",6,2005
"United Kingdom of Great Britain and Northern Ireland",6.2,2004
"United Kingdom of Great Britain and Northern Ireland",6.3,2003
"United Kingdom of Great Britain and Northern Ireland",6.3,2002
"United Kingdom of Great Britain and Northern Ireland",6.4,2001
"United Kingdom of Great Britain and Northern Ireland",6.5,2000
"Grenada",,2017
"Grenada",16,2016
"Grenada",15.5,2014
"Grenada",15.2,2013
"Grenada",14.9,2012
"Grenada",15.8,2015
"Grenada",14.7,2007
"Grenada",14.8,2006
"Grenada",15,2005
"Grenada",15.1,2004
"Grenada",15.3,2003
"Grenada",15.4,2002
"Grenada",15.6,2001
"Grenada",15.7,2000
"Grenada",14.6,2008
"Grenada",14.7,2011
"Grenada",14.6,2010
"Grenada",14.6,2009
"Georgia",28.8,2003
"Georgia",31.1,2002
"Georgia",33.3,2001
"Georgia",35.5,2000
"Georgia",13.2,2013
"Georgia",14.2,2012
"Georgia",22.6,2006
"Georgia",24.6,2005
"Georgia",26.6,2004
"Georgia",,2017
"Georgia",10.7,2016
"Georgia",11.4,2015
"Georgia",12.3,2014
"Georgia",17.8,2009
"Georgia",19.2,2008
"Georgia",15.3,2011
"Georgia",16.5,2010
"Georgia",20.8,2007
"Ghana",94,2002
"Ghana",68.7,2012
"Ghana",97,2001
"Ghana",100.1,2000
"Ghana",66,2013
"Ghana",80.4,2008
"Ghana",71.7,2011
"Ghana",74.7,2010
"Ghana",77.6,2009
"Ghana",,2017
"Ghana",58.8,2016
"Ghana",61,2015
"Ghana",63.4,2014
"Ghana",86.9,2005
"Ghana",89,2004
"Ghana",82.7,2007
"Ghana",84.9,2006
"Ghana",91.4,2003
"Gibraltar",,2017
"Gibraltar",,2016
"Gibraltar",,2014
"Gibraltar",,2013
"Gibraltar",,2012
"Gibraltar",,2015
"Gibraltar",,2006
"Gibraltar",,2005
"Gibraltar",,2004
"Gibraltar",,2003
"Gibraltar",,2002
"Gibraltar",,2001
"Gibraltar",,2000
"Gibraltar",,2008
"Gibraltar",,2011
"Gibraltar",,2010
"Gibraltar",,2009
"Gibraltar",,2007
"Greenland",,2015
"Greenland",,2011
"Greenland",,2014
"Greenland",,2013
"Greenland",,2012
"Greenland",,2007
"Greenland",,2010
"Greenland",,2009
"Greenland",,2008
"Greenland",,2016
"Greenland",,2002
"Greenland",,2001
"Greenland",,2000
"Greenland",,2004
"Greenland",,2003
"Greenland",,2006
"Greenland",,2005
"Greenland",,2017
"Gambia",74.8,2012
"Gambia",77.4,2011
"Gambia",69.9,2014
"Gambia",72.1,2013
"Gambia",86.2,2008
"Gambia",89.4,2007
"Gambia",80.3,2010
"Gambia",83.2,2009
"Gambia",,2017
"Gambia",65.3,2016
"Gambia",67.5,2015
"Gambia",108.6,2002
"Gambia",112.8,2001
"Gambia",117.1,2000
"Gambia",100.5,2004
"Gambia",104.5,2003
"Gambia",92.9,2006
"Gambia",96.6,2005
"Guinea",144.3,2003
"Guinea",151.1,2002
"Guinea",158.3,2001
"Guinea",165.8,2000
"Guinea",98.6,2013
"Guinea",122.1,2007
"Guinea",126.9,2006
"Guinea",132.2,2005
"Guinea",138.1,2004
"Guinea",,2017
"Guinea",89,2016
"Guinea",92,2015
"Guinea",95.2,2014
"Guinea",113.4,2009
"Guinea",102,2012
"Guinea",105.6,2011
"Guinea",109.4,2010
"Guinea",117.6,2008
"Equatorial Guinea",139.2,2003
"Equatorial Guinea",107,2011
"Equatorial Guinea",110.6,2010
"Equatorial Guinea",114.4,2009
"Equatorial Guinea",118.4,2008
"Equatorial Guinea",122.5,2007
"Equatorial Guinea",126.6,2006
"Equatorial Guinea",130.8,2005
"Equatorial Guinea",135,2004
"Equatorial Guinea",,2017
"Equatorial Guinea",143.4,2002
"Equatorial Guinea",147.5,2001
"Equatorial Guinea",151.6,2000
"Equatorial Guinea",100.4,2013
"Equatorial Guinea",103.7,2012
"Equatorial Guinea",90.9,2016
"Equatorial Guinea",94,2015
"Equatorial Guinea",97.1,2014
"Greece",,2017
"Greece",3.9,2013
"Greece",3.9,2012
"Greece",3.9,2011
"Greece",3.9,2010
"Greece",4,2009
"Greece",4,2008
"Greece",4.2,2007
"Greece",4.3,2006
"Greece",4.6,2005
"Greece",4.9,2004
"Greece",3.8,2016
"Greece",3.8,2015
"Greece",3.9,2014
"Greece",6.4,2000
"Greece",5.2,2003
"Greece",5.6,2002
"Greece",6,2001
"Guatemala",32.9,2012
"Guatemala",29.5,2015
"Guatemala",30.5,2014
"Guatemala",31.7,2013
"Guatemala",38.1,2008
"Guatemala",34.1,2011
"Guatemala",35.4,2010
"Guatemala",36.7,2009
"Guatemala",,2017
"Guatemala",28.5,2016
"Guatemala",46.1,2003
"Guatemala",47.9,2002
"Guatemala",49.9,2001
"Guatemala",51.9,2000
"Guatemala",44.4,2004
"Guatemala",39.6,2007
"Guatemala",41.1,2006
"Guatemala",42.7,2005
"Guam",,2003
"Guam",,2011
"Guam",,2010
"Guam",,2009
"Guam",,2008
"Guam",,2007
"Guam",,2006
"Guam",,2005
"Guam",,2004
"Guam",,2017
"Guam",,2002
"Guam",,2001
"Guam",,2000
"Guam",,2013
"Guam",,2012
"Guam",,2016
"Guam",,2015
"Guam",,2014
"Guinea-Bissau",,2017
"Guinea-Bissau",108.5,2011
"Guinea-Bissau",114,2010
"Guinea-Bissau",119.9,2009
"Guinea-Bissau",126,2008
"Guinea-Bissau",132.2,2007
"Guinea-Bissau",138.6,2006
"Guinea-Bissau",145,2005
"Guinea-Bissau",151.4,2004
"Guinea-Bissau",88.1,2016
"Guinea-Bissau",91.3,2015
"Guinea-Bissau",94.9,2014
"Guinea-Bissau",99,2013
"Guinea-Bissau",103.5,2012
"Guinea-Bissau",168.9,2001
"Guinea-Bissau",174.2,2000
"Guinea-Bissau",157.5,2003
"Guinea-Bissau",163.4,2002
"Guyana",45.3,2001
"Guyana",34.4,2014
"Guyana",35.3,2013
"Guyana",46.4,2000
"Guyana",33.4,2015
"Guyana",37.6,2010
"Guyana",38.3,2009
"Guyana",36.1,2012
"Guyana",36.9,2011
"Guyana",43.3,2003
"Guyana",44.3,2002
"Guyana",,2017
"Guyana",32.4,2016
"Guyana",39.9,2007
"Guyana",40.7,2006
"Guyana",41.5,2005
"Guyana",39.1,2008
"Guyana",42.4,2004
"China, Hong Kong Special Administrative Region",,2015
"China, Hong Kong Special Administrative Region",,2011
"China, Hong Kong Special Administrative Region",,2014
"China, Hong Kong Special Administrative Region",,2013
"China, Hong Kong Special Administrative Region",,2012
"China, Hong Kong Special Administrative Region",,2007
"China, Hong Kong Special Administrative Region",,2010
"China, Hong Kong Special Administrative Region",,2009
"China, Hong Kong Special Administrative Region",,2008
"China, Hong Kong Special Administrative Region",,2003
"China, Hong Kong Special Administrative Region",,2002
"China, Hong Kong Special Administrative Region",,2001
"China, Hong Kong Special Administrative Region",,2000
"China, Hong Kong Special Administrative Region",,2004
"China, Hong Kong Special Administrative Region",,2017
"China, Hong Kong Special Administrative Region",,2006
"China, Hong Kong Special Administrative Region",,2005
"China, Hong Kong Special Administrative Region",,2016
"Honduras",,2017
"Honduras",18.7,2016
"Honduras",22.5,2011
"Honduras",23.4,2010
"Honduras",24.5,2009
"Honduras",25.6,2008
"Honduras",26.8,2007
"Honduras",28.1,2006
"Honduras",29.4,2005
"Honduras",30.9,2004
"Honduras",32.4,2003
"Honduras",19.4,2015
"Honduras",20.1,2014
"Honduras",20.8,2013
"Honduras",21.6,2012
"Honduras",34,2002
"Honduras",35.6,2001
"Honduras",37.3,2000
"Croatia",,2017
"Croatia",4.7,2016
"Croatia",5.1,2012
"Croatia",5.3,2011
"Croatia",5.5,2010
"Croatia",5.7,2009
"Croatia",5.9,2008
"Croatia",6.2,2007
"Croatia",6.4,2006
"Croatia",6.7,2005
"Croatia",7,2004
"Croatia",7.4,2003
"Croatia",4.8,2015
"Croatia",4.9,2014
"Croatia",5,2013
"Croatia",8.3,2000
"Croatia",7.7,2002
"Croatia",8,2001
"Haiti",,2017
"Haiti",67,2016
"Haiti",68.9,2015
"Haiti",73.1,2013
"Haiti",75.2,2012
"Haiti",77.2,2011
"Haiti",71,2014
"Haiti",89.8,2005
"Haiti",92.2,2004
"Haiti",94.9,2003
"Haiti",97.9,2002
"Haiti",101.1,2001
"Haiti",104.5,2000
"Haiti",83.2,2008
"Haiti",85.3,2007
"Haiti",208,2010
"Haiti",81.1,2009
"Haiti",87.5,2006
"Hungary",,2017
"Hungary",5.2,2016
"Hungary",5.5,2014
"Hungary",5.6,2013
"Hungary",5.7,2012
"Hungary",5.4,2015
"Hungary",6.8,2007
"Hungary",7.2,2006
"Hungary",7.6,2005
"Hungary",7.9,2004
"Hungary",8.4,2003
"Hungary",8.9,2002
"Hungary",9.6,2001
"Hungary",10.1,2000
"Hungary",6.5,2008
"Hungary",5.8,2011
"Hungary",6,2010
"Hungary",6.2,2009
"Indonesia",47.6,2002
"Indonesia",29.4,2013
"Indonesia",49.9,2001
"Indonesia",52.3,2000
"Indonesia",28.3,2014
"Indonesia",38,2007
"Indonesia",39.7,2006
"Indonesia",41.5,2005
"Indonesia",49.5,2004
"Indonesia",45.5,2003
"Indonesia",,2017
"Indonesia",26.4,2016
"Indonesia",27.3,2015
"Indonesia",33.3,2010
"Indonesia",34.8,2009
"Indonesia",30.6,2012
"Indonesia",31.9,2011
"Indonesia",36.4,2008
"Ireland",,2017
"Ireland",3.6,2016
"Ireland",3.8,2014
"Ireland",3.9,2013
"Ireland",4,2012
"Ireland",3.7,2015
"Ireland",4.9,2006
"Ireland",5.2,2005
"Ireland",5.6,2004
"Ireland",6,2003
"Ireland",6.5,2002
"Ireland",6.9,2001
"Ireland",7.2,2000
"Ireland",4.4,2008
"Ireland",4.1,2011
"Ireland",4.2,2010
"Ireland",4.3,2009
"Ireland",4.6,2007
"Israel",3.6,2016
"Israel",3.8,2015
"Israel",3.9,2014
"Israel",4.1,2013
"Israel",4.2,2012
"Israel",4.4,2011
"Israel",4.6,2010
"Israel",4.7,2009
"Israel",4.9,2008
"Israel",6.1,2003
"Israel",6.4,2002
"Israel",6.6,2001
"Israel",6.9,2000
"Israel",5.8,2004
"Israel",5.1,2007
"Israel",5.3,2006
"Israel",5.6,2005
"Israel",,2017
"Isle of Man",,2017
"Isle of Man",,2012
"Isle of Man",,2011
"Isle of Man",,2010
"Isle of Man",,2009
"Isle of Man",,2008
"Isle of Man",,2007
"Isle of Man",,2006
"Isle of Man",,2005
"Isle of Man",,2004
"Isle of Man",,2016
"Isle of Man",,2015
"Isle of Man",,2014
"Isle of Man",,2013
"Isle of Man",,2000
"Isle of Man",,2003
"Isle of Man",,2002
"Isle of Man",,2001
"India",53,2012
"India",45.2,2015
"India",47.7,2014
"India",50.3,2013
"India",64.9,2008
"India",55.9,2011
"India",58.8,2010
"India",61.9,2009
"India",,2017
"India",43,2016
"India",77.7,2004
"India",81,2003
"India",84.4,2002
"India",87.9,2001
"India",91.5,2000
"India",68,2007
"India",71.2,2006
"India",74.4,2005
"Iraq",43.4,2002
"Iraq",35.1,2012
"Iraq",44.2,2001
"Iraq",45,2000
"Iraq",34.1,2013
"Iraq",38.6,2008
"Iraq",36,2011
"Iraq",36.9,2010
"Iraq",37.8,2009
"Iraq",,2017
"Iraq",31.2,2016
"Iraq",32.2,2015
"Iraq",33.2,2014
"Iraq",41,2005
"Iraq",41.8,2004
"Iraq",39.5,2007
"Iraq",40.3,2006
"Iraq",42.6,2003
"Iran (Islamic Republic of)",,2017
"Iran (Islamic Republic of)",15.1,2016
"Iran (Islamic Republic of)",19.3,2010
"Iran (Islamic Republic of)",20.3,2009
"Iran (Islamic Republic of)",21.5,2008
"Iran (Islamic Republic of)",22.7,2007
"Iran (Islamic Republic of)",24.1,2006
"Iran (Islamic Republic of)",25.6,2005
"Iran (Islamic Republic of)",27.1,2004
"Iran (Islamic Republic of)",28.7,2003
"Iran (Islamic Republic of)",15.7,2015
"Iran (Islamic Republic of)",16.3,2014
"Iran (Islamic Republic of)",16.9,2013
"Iran (Islamic Republic of)",17.6,2012
"Iran (Islamic Republic of)",18.4,2011
"Iran (Islamic Republic of)",30.4,2002
"Iran (Islamic Republic of)",32.3,2001
"Iran (Islamic Republic of)",34.3,2000
"Iceland",3.4,2003
"Iceland",2.5,2011
"Iceland",2.6,2010
"Iceland",2.7,2009
"Iceland",2.8,2008
"Iceland",2.9,2007
"Iceland",3,2006
"Iceland",3.1,2005
"Iceland",3.3,2004
"Iceland",,2017
"Iceland",3.6,2002
"Iceland",3.8,2001
"Iceland",4.1,2000
"Iceland",2.3,2013
"Iceland",2.4,2012
"Iceland",2.1,2016
"Iceland",2.2,2015
"Iceland",2.3,2014
"Italy",,2017
"Italy",3.4,2015
"Italy",3.6,2014
"Italy",3.7,2013
"Italy",3.3,2016
"Italy",4.1,2009
"Italy",4.1,2008
"Italy",4.2,2007
"Italy",4.3,2006
"Italy",4.5,2005
"Italy",4.6,2004
"Italy",4.8,2003
"Italy",5.1,2002
"Italy",5.3,2001
"Italy",5.6,2000
"Italy",3.8,2012
"Italy",3.9,2011
"Italy",4,2010
"Channel Islands",,2017
"Channel Islands",,2012
"Channel Islands",,2011
"Channel Islands",,2010
"Channel Islands",,2009
"Channel Islands",,2008
"Channel Islands",,2007
"Channel Islands",,2006
"Channel Islands",,2005
"Channel Islands",,2004
"Channel Islands",,2016
"Channel Islands",,2015
"Channel Islands",,2014
"Channel Islands",,2013
"Channel Islands",,2000
"Channel Islands",,2003
"Channel Islands",,2002
"Channel Islands",,2001
"Jamaica",17.2,2012
"Jamaica",17.7,2011
"Jamaica",18.1,2010
"Jamaica",18.6,2009
"Jamaica",19,2008
"Jamaica",19.3,2007
"Jamaica",19.6,2006
"Jamaica",19.9,2005
"Jamaica",20.1,2004
"Jamaica",20.5,2003
"Jamaica",20.9,2002
"Jamaica",21.4,2001
"Jamaica",22,2000
"Jamaica",16.3,2014
"Jamaica",16.8,2013
"Jamaica",,2017
"Jamaica",15.3,2016
"Jamaica",15.8,2015
"Jordan",25.7,2003
"Jordan",26.4,2002
"Jordan",27.1,2001
"Jordan",27.9,2000
"Jordan",19.3,2013
"Jordan",23,2007
"Jordan",23.6,2006
"Jordan",24.3,2005
"Jordan",25,2004
"Jordan",,2017
"Jordan",17.6,2016
"Jordan",18.1,2015
"Jordan",18.7,2014
"Jordan",21.7,2009
"Jordan",19.9,2012
"Jordan",20.5,2011
"Jordan",21.1,2010
"Jordan",22.3,2008
"Japan",3,2012
"Japan",3,2015
"Japan",2.8,2014
"Japan",2.9,2013
"Japan",3.4,2008
"Japan",3.4,2011
"Japan",3.2,2010
"Japan",3.3,2009
"Japan",,2017
"Japan",2.7,2016
"Japan",4,2003
"Japan",4.1,2002
"Japan",4.3,2001
"Japan",4.5,2000
"Japan",3.9,2004
"Japan",3.5,2007
"Japan",3.6,2006
"Japan",3.7,2005
"Kenya",89.8,2003
"Kenya",93.8,2002
"Kenya",97.5,2001
"Kenya",100.8,2000
"Kenya",55.8,2013
"Kenya",57.8,2012
"Kenya",59.8,2011
"Kenya",62.2,2010
"Kenya",64.6,2009
"Kenya",,2017
"Kenya",49.2,2016
"Kenya",51,2015
"Kenya",53.5,2014
"Kenya",81,2005
"Kenya",67.9,2008
"Kenya",72.6,2007
"Kenya",76.6,2006
"Kenya",85.5,2004
"Kyrgyzstan",,2017
"Kyrgyzstan",21.1,2016
"Kyrgyzstan",22.3,2015
"Kyrgyzstan",23.5,2014
"Kyrgyzstan",24.8,2013
"Kyrgyzstan",26.2,2012
"Kyrgyzstan",27.8,2011
"Kyrgyzstan",29.6,2010
"Kyrgyzstan",31.6,2009
"Kyrgyzstan",33.8,2008
"Kyrgyzstan",35.8,2007
"Kyrgyzstan",37.7,2006
"Kyrgyzstan",39.4,2005
"Kyrgyzstan",41.2,2004
"Kyrgyzstan",43.1,2003
"Kyrgyzstan",45.1,2002
"Kyrgyzstan",47.2,2001
"Kyrgyzstan",49.4,2000
"Cambodia",78.9,2003
"Cambodia",41.1,2011
"Cambodia",44.4,2010
"Cambodia",48,2009
"Cambodia",51.9,2008
"Cambodia",56,2007
"Cambodia",60.4,2006
"Cambodia",65.5,2005
"Cambodia",71.6,2004
"Cambodia",,2017
"Cambodia",87.7,2002
"Cambodia",97.6,2001
"Cambodia",107,2000
"Cambodia",35.7,2013
"Cambodia",38.2,2012
"Cambodia",30.6,2016
"Cambodia",32,2015
"Cambodia",33.7,2014
"Kiribati",,2017
"Kiribati",55.9,2015
"Kiribati",57.4,2014
"Kiribati",58.8,2013
"Kiribati",54.3,2016
"Kiribati",64.5,2007
"Kiribati",64.6,2006
"Kiribati",64.6,2005
"Kiribati",65,2004
"Kiribati",65.7,2003
"Kiribati",66.9,2002
"Kiribati",68.6,2001
"Kiribati",70.6,2000
"Kiribati",60.2,2012
"Kiribati",61.5,2011
"Kiribati",62.7,2010
"Kiribati",63.7,2009
"Kiribati",64.3,2008
"Comoros",83.2,2012
"Comoros",85.5,2011
"Comoros",88.2,2010
"Comoros",80.8,2013
"Comoros",93.4,2008
"Comoros",95.9,2007
"Comoros",98,2006
"Comoros",90.8,2009
"Comoros",,2017
"Comoros",73.3,2016
"Comoros",75.8,2015
"Comoros",78.3,2014
"Comoros",102.8,2001
"Comoros",102.9,2000
"Comoros",101.8,2004
"Comoros",102.6,2003
"Comoros",102.8,2002
"Comoros",100.2,2005
"St. Kitts and Nevis",,2017
"St. Kitts and Nevis",9.3,2016
"St. Kitts and Nevis",9.7,2015
"St. Kitts and Nevis",10,2014
"St. Kitts and Nevis",10.5,2013
"St. Kitts and Nevis",10.9,2012
"St. Kitts and Nevis",11.4,2011
"St. Kitts and Nevis",12,2010
"St. Kitts and Nevis",12.7,2009
"St. Kitts and Nevis",13.4,2008
"St. Kitts and Nevis",14.2,2007
"St. Kitts and Nevis",15.1,2006
"St. Kitts and Nevis",16.1,2005
"St. Kitts and Nevis",17.1,2004
"St. Kitts and Nevis",18.3,2003
"St. Kitts and Nevis",19.5,2002
"St. Kitts and Nevis",20.8,2001
"St. Kitts and Nevis",22.2,2000
"Korea, Dem. People’s Rep.",,2017
"Korea, Dem. People’s Rep.",20,2016
"Korea, Dem. People’s Rep.",21.1,2015
"Korea, Dem. People’s Rep.",27.7,2011
"Korea, Dem. People’s Rep.",29.5,2010
"Korea, Dem. People’s Rep.",31,2009
"Korea, Dem. People’s Rep.",31.8,2008
"Korea, Dem. People’s Rep.",32.2,2007
"Korea, Dem. People’s Rep.",38.9,2003
"Korea, Dem. People’s Rep.",44.7,2002
"Korea, Dem. People’s Rep.",22.4,2014
"Korea, Dem. People’s Rep.",24,2013
"Korea, Dem. People’s Rep.",25.7,2012
"Korea, Dem. People’s Rep.",35,2004
"Korea, Dem. People’s Rep.",32.4,2006
"Korea, Dem. People’s Rep.",33,2005
"Korea, Dem. People’s Rep.",60,2000
"Korea, Dem. People’s Rep.",52.1,2001
"Republic of Korea",,2017
"Republic of Korea",3.4,2016
"Republic of Korea",3.5,2015
"Republic of Korea",3.6,2014
"Republic of Korea",3.7,2013
"Republic of Korea",3.9,2012
"Republic of Korea",4,2011
"Republic of Korea",4.1,2010
"Republic of Korea",4.3,2009
"Republic of Korea",4.5,2008
"Republic of Korea",4.8,2007
"Republic of Korea",5.2,2006
"Republic of Korea",5.5,2005
"Republic of Korea",5.9,2004
"Republic of Korea",6.3,2003
"Republic of Korea",6.7,2002
"Republic of Korea",7.1,2001
"Republic of Korea",7.5,2000
"Kuwait",,2017
"Kuwait",8.4,2016
"Kuwait",8.7,2015
"Kuwait",9.1,2014
"Kuwait",9.5,2013
"Kuwait",10,2012
"Kuwait",10.4,2011
"Kuwait",10.8,2010
"Kuwait",11.1,2009
"Kuwait",11.3,2008
"Kuwait",11.5,2007
"Kuwait",11.6,2006
"Kuwait",11.8,2005
"Kuwait",12,2004
"Kuwait",12.1,2003
"Kuwait",12.3,2002
"Kuwait",12.5,2001
"Kuwait",12.7,2000
"Cayman Islands",,2017
"Cayman Islands",,2016
"Cayman Islands",,2010
"Cayman Islands",,2009
"Cayman Islands",,2008
"Cayman Islands",,2007
"Cayman Islands",,2006
"Cayman Islands",,2005
"Cayman Islands",,2004
"Cayman Islands",,2003
"Cayman Islands",,2015
"Cayman Islands",,2014
"Cayman Islands",,2013
"Cayman Islands",,2012
"Cayman Islands",,2011
"Cayman Islands",,2002
"Cayman Islands",,2001
"Cayman Islands",,2000
"Kazakhstan",,2017
"Kazakhstan",19.3,2011
"Kazakhstan",21.5,2010
"Kazakhstan",23.6,2009
"Kazakhstan",25.8,2008
"Kazakhstan",28,2007
"Kazakhstan",30.1,2006
"Kazakhstan",32.1,2005
"Kazakhstan",34.2,2004
"Kazakhstan",11.4,2016
"Kazakhstan",12.6,2015
"Kazakhstan",14,2014
"Kazakhstan",15.6,2013
"Kazakhstan",17.4,2012
"Kazakhstan",43,2000
"Kazakhstan",36.2,2003
"Kazakhstan",38.4,2002
"Kazakhstan",40.6,2001
"Lao People's Democratic Republic",,2017
"Lao People's Democratic Republic",63.9,2016
"Lao People's Democratic Republic",66.1,2015
"Lao People's Democratic Republic",68.5,2014
"Lao People's Democratic Republic",70.9,2013
"Lao People's Democratic Republic",73.4,2012
"Lao People's Democratic Republic",76,2011
"Lao People's Democratic Republic",78.9,2010
"Lao People's Democratic Republic",82.1,2009
"Lao People's Democratic Republic",85.5,2008
"Lao People's Democratic Republic",89,2007
"Lao People's Democratic Republic",92.6,2006
"Lao People's Democratic Republic",96.2,2005
"Lao People's Democratic Republic",100.1,2004
"Lao People's Democratic Republic",104.1,2003
"Lao People's Democratic Republic",108.1,2002
"Lao People's Democratic Republic",112.3,2001
"Lao People's Democratic Republic",116.5,2000
"Lebanon",,2017
"Lebanon",8.1,2016
"Lebanon",8.4,2015
"Lebanon",8.7,2014
"Lebanon",9,2013
"Lebanon",9.4,2012
"Lebanon",9.8,2011
"Lebanon",10.3,2010
"Lebanon",10.8,2009
"Lebanon",11.4,2008
"Lebanon",12.2,2007
"Lebanon",13.1,2006
"Lebanon",14.2,2005
"Lebanon",15.3,2004
"Lebanon",16.4,2003
"Lebanon",17.6,2002
"Lebanon",18.8,2001
"Lebanon",20,2000
"Saint Lucia",,2017
"Saint Lucia",13.3,2016
"Saint Lucia",13.7,2015
"Saint Lucia",14,2014
"Saint Lucia",14.4,2013
"Saint Lucia",14.7,2012
"Saint Lucia",15.1,2011
"Saint Lucia",15.4,2010
"Saint Lucia",15.8,2009
"Saint Lucia",16.2,2008
"Saint Lucia",16.5,2007
"Saint Lucia",16.7,2006
"Saint Lucia",16.9,2005
"Saint Lucia",17.1,2004
"Saint Lucia",17.3,2003
"Saint Lucia",17.4,2002
"Saint Lucia",17.6,2001
"Saint Lucia",17.9,2000
"Liechtenstein",,2017
"Liechtenstein",,2016
"Liechtenstein",,2015
"Liechtenstein",,2014
"Liechtenstein",,2013
"Liechtenstein",,2012
"Liechtenstein",,2011
"Liechtenstein",,2010
"Liechtenstein",,2009
"Liechtenstein",,2008
"Liechtenstein",,2007
"Liechtenstein",,2006
"Liechtenstein",,2005
"Liechtenstein",,2004
"Liechtenstein",,2003
"Liechtenstein",,2002
"Liechtenstein",,2001
"Liechtenstein",,2000
"Sri Lanka",,2017
"Sri Lanka",9.4,2016
"Sri Lanka",9.6,2015
"Sri Lanka",9.9,2014
"Sri Lanka",10.2,2013
"Sri Lanka",10.5,2012
"Sri Lanka",10.9,2011
"Sri Lanka",11.2,2010
"Sri Lanka",11.7,2009
"Sri Lanka",12.2,2008
"Sri Lanka",12.9,2007
"Sri Lanka",13.6,2006
"Sri Lanka",14.3,2005
"Sri Lanka",29.3,2004
"Sri Lanka",15.3,2003
"Sri Lanka",15.5,2002
"Sri Lanka",15.9,2001
"Sri Lanka",16.4,2000
"Liberia",,2017
"Liberia",67.4,2016
"Liberia",70.1,2015
"Liberia",73,2014
"Liberia",76.4,2013
"Liberia",80.2,2012
"Liberia",84.6,2011
"Liberia",89.3,2010
"Liberia",94.6,2009
"Liberia",100.7,2008
"Liberia",107.7,2007
"Liberia",115.8,2006
"Liberia",125.1,2005
"Liberia",135.5,2004
"Liberia",146.9,2003
"Liberia",159,2002
"Liberia",171.4,2001
"Liberia",183.9,2000
"Lesotho",,2017
"Lesotho",93.5,2016
"Lesotho",97.9,2015
"Lesotho",98.3,2014
"Lesotho",98.5,2013
"Lesotho",97.6,2012
"Lesotho",98,2011
"Lesotho",99.7,2010
"Lesotho",103.4,2009
"Lesotho",110.3,2008
"Lesotho",111.6,2007
"Lesotho",114.4,2006
"Lesotho",114.7,2005
"Lesotho",114.7,2004
"Lesotho",114.6,2003
"Lesotho",113.3,2002
"Lesotho",111.9,2001
"Lesotho",110.3,2000
"Lithuania",,2017
"Lithuania",5.3,2016
"Lithuania",5.1,2015
"Lithuania",4.9,2014
"Lithuania",4.9,2013
"Lithuania",5.1,2012
"Lithuania",5.5,2011
"Lithuania",6.1,2010
"Lithuania",6.7,2009
"Lithuania",7.4,2008
"Lithuania",8,2007
"Lithuania",8.6,2006
"Lithuania",9,2005
"Lithuania",9.3,2004
"Lithuania",9.6,2003
"Lithuania",9.9,2002
"Lithuania",10.3,2001
"Lithuania",10.7,2000
"Luxembourg",,2017
"Luxembourg",2.4,2016
"Luxembourg",2.5,2015
"Luxembourg",2.5,2014
"Luxembourg",2.6,2013
"Luxembourg",2.7,2012
"Luxembourg",2.8,2011
"Luxembourg",2.8,2010
"Luxembourg",2.9,2009
"Luxembourg",3,2008
"Luxembourg",3.2,2007
"Luxembourg",3.3,2006
"Luxembourg",3.5,2005
"Luxembourg",3.6,2004
"Luxembourg",3.9,2003
"Luxembourg",4.1,2002
"Luxembourg",4.3,2001
"Luxembourg",4.6,2000
"Latvia",,2017
"Latvia",4.6,2016
"Latvia",5,2015
"Latvia",5.5,2014
"Latvia",6.1,2013
"Latvia",6.7,2012
"Latvia",7.3,2011
"Latvia",7.8,2010
"Latvia",8.3,2009
"Latvia",8.8,2008
"Latvia",9.3,2007
"Latvia",9.9,2006
"Latvia",10.5,2005
"Latvia",11.1,2004
"Latvia",11.8,2003
"Latvia",12.6,2002
"Latvia",13.4,2001
"Latvia",14.2,2000
"Libyan Arab Jamahiriya",,2017
"Libyan Arab Jamahiriya",12.9,2016
"Libyan Arab Jamahiriya",13.4,2015
"Libyan Arab Jamahiriya",13.9,2014
"Libyan Arab Jamahiriya",14.5,2013
"Libyan Arab Jamahiriya",15.1,2012
"Libyan Arab Jamahiriya",17.5,2011
"Libyan Arab Jamahiriya",16.6,2010
"Libyan Arab Jamahiriya",17.6,2009
"Libyan Arab Jamahiriya",18.8,2008
"Libyan Arab Jamahiriya",20.2,2007
"Libyan Arab Jamahiriya",21.7,2006
"Libyan Arab Jamahiriya",23.1,2005
"Libyan Arab Jamahiriya",24.4,2004
"Libyan Arab Jamahiriya",25.5,2003
"Libyan Arab Jamahiriya",26.5,2002
"Libyan Arab Jamahiriya",27.3,2001
"Libyan Arab Jamahiriya",28.2,2000
"Morocco",,2017
"Morocco",27.1,2016
"Morocco",28,2015
"Morocco",29,2014
"Morocco",30.1,2013
"Morocco",31.2,2012
"Morocco",32.3,2011
"Morocco",33.5,2010
"Morocco",34.8,2009
"Morocco",36.1,2008
"Morocco",37.5,2007
"Morocco",38.9,2006
"Morocco",40.5,2005
"Morocco",42.1,2004
"Morocco",43.9,2003
"Morocco",45.7,2002
"Morocco",47.7,2001
"Morocco",49.8,2000
"Monaco",,2017
"Monaco",3.4,2016
"Monaco",3.5,2015
"Monaco",3.6,2014
"Monaco",3.7,2013
"Monaco",3.8,2012
"Monaco",3.9,2011
"Monaco",4,2010
"Monaco",4.1,2009
"Monaco",4.2,2008
"Monaco",4.3,2007
"Monaco",4.4,2006
"Monaco",4.5,2005
"Monaco",4.6,2004
"Monaco",4.7,2003
"Monaco",4.8,2002
"Monaco",5,2001
"Monaco",5.2,2000
"Republic of Moldova",,2017
"Republic of Moldova",15.9,2016
"Republic of Moldova",16.2,2015
"Republic of Moldova",16.4,2014
"Republic of Moldova",16.6,2013
"Republic of Moldova",16.8,2012
"Republic of Moldova",17,2011
"Republic of Moldova",17.2,2010
"Republic of Moldova",17.4,2009
"Republic of Moldova",17.6,2008
"Republic of Moldova",18.1,2007
"Republic of Moldova",18.7,2006
"Republic of Moldova",19.6,2005
"Republic of Moldova",20.9,2004
"Republic of Moldova",22.8,2003
"Republic of Moldova",25.3,2002
"Republic of Moldova",28.1,2001
"Republic of Moldova",31.1,2000
"Montenegro",,2017
"Montenegro",3.8,2016
"Montenegro",4.1,2015
"Montenegro",4.6,2014
"Montenegro",5,2013
"Montenegro",5.5,2012
"Montenegro",6.1,2011
"Montenegro",6.8,2010
"Montenegro",7.4,2009
"Montenegro",8.2,2008
"Montenegro",8.9,2007
"Montenegro",9.8,2006
"Montenegro",10.6,2005
"Montenegro",11.4,2004
"Montenegro",12.2,2003
"Montenegro",12.9,2002
"Montenegro",13.6,2001
"Montenegro",14.1,2000
"St. Martin (French part)",,2017
"St. Martin (French part)",,2016
"St. Martin (French part)",,2015
"St. Martin (French part)",,2014
"St. Martin (French part)",,2013
"St. Martin (French part)",,2012
"St. Martin (French part)",,2011
"St. Martin (French part)",,2010
"St. Martin (French part)",,2009
"St. Martin (French part)",,2008
"St. Martin (French part)",,2007
"St. Martin (French part)",,2006
"St. Martin (French part)",,2005
"St. Martin (French part)",,2004
"St. Martin (French part)",,2003
"St. Martin (French part)",,2002
"St. Martin (French part)",,2001
"St. Martin (French part)",,2000
"Madagascar",,2017
"Madagascar",46.4,2016
"Madagascar",48.4,2015
"Madagascar",50.5,2014
"Madagascar",52.8,2013
"Madagascar",55.6,2012
"Madagascar",58.7,2011
"Madagascar",62.2,2010
"Madagascar",65.9,2009
"Madagascar",69.8,2008
"Madagascar",73.7,2007
"Madagascar",77.8,2006
"Madagascar",82,2005
"Madagascar",86.5,2004
"Madagascar",91.2,2003
"Madagascar",96.3,2002
"Madagascar",101.8,2001
"Madagascar",107.6,2000
"Marshall Islands",,2017
"Marshall Islands",35.4,2016
"Marshall Islands",36.4,2015
"Marshall Islands",37.2,2014
"Marshall Islands",38,2013
"Marshall Islands",38.6,2012
"Marshall Islands",39,2011
"Marshall Islands",39.2,2010
"Marshall Islands",39.3,2009
"Marshall Islands",39.4,2008
"Marshall Islands",39.4,2007
"Marshall Islands",39.6,2006
"Marshall Islands",39.8,2005
"Marshall Islands",40,2004
"Marshall Islands",40.2,2003
"Marshall Islands",40.4,2002
"Marshall Islands",40.6,2001
"Marshall Islands",40.7,2000
"The former Yugoslav Republic of Macedonia",,2017
"The former Yugoslav Republic of Macedonia",12.2,2016
"The former Yugoslav Republic of Macedonia",12,2015
"The former Yugoslav Republic of Macedonia",11.5,2014
"The former Yugoslav Republic of Macedonia",10.8,2013
"The former Yugoslav Republic of Macedonia",10.3,2012
"The former Yugoslav Republic of Macedonia",10.2,2011
"The former Yugoslav Republic of Macedonia",10.4,2010
"The former Yugoslav Republic of Macedonia",10.9,2009
"The former Yugoslav Republic of Macedonia",11.6,2008
"The former Yugoslav Republic of Macedonia",12.3,2007
"The former Yugoslav Republic of Macedonia",13,2006
"The former Yugoslav Republic of Macedonia",13.7,2005
"The former Yugoslav Republic of Macedonia",14.1,2004
"The former Yugoslav Republic of Macedonia",14.2,2003
"The former Yugoslav Republic of Macedonia",14.5,2002
"The former Yugoslav Republic of Macedonia",15.1,2001
"The former Yugoslav Republic of Macedonia",16,2000
"Mali",,2017
"Mali",110.6,2016
"Mali",114.2,2015
"Mali",118.3,2014
"Mali",122.1,2013
"Mali",126.6,2012
"Mali",131.3,2011
"Mali",136.5,2010
"Mali",141.7,2009
"Mali",147.9,2008
"Mali",154.7,2007
"Mali",162.7,2006
"Mali",171.8,2005
"Mali",181.6,2004
"Mali",192,2003
"Mali",202,2002
"Mali",211.4,2001
"Mali",219.8,2000
"Myanmar",,2017
"Myanmar",50.8,2016
"Myanmar",52.7,2015
"Myanmar",54.8,2014
"Myanmar",57,2013
"Myanmar",59.3,2012
"Myanmar",61.8,2011
"Myanmar",64.4,2010
"Myanmar",67.1,2009
"Myanmar",89.7,2008
"Myanmar",72.5,2007
"Myanmar",75.2,2006
"Myanmar",77.8,2005
"Myanmar",80.3,2004
"Myanmar",82.8,2003
"Myanmar",85.2,2002
"Myanmar",87.6,2001
"Myanmar",90,2000
"Mongolia",,2017
"Mongolia",17.9,2016
"Mongolia",18.8,2015
"Mongolia",19.8,2014
"Mongolia",20.9,2013
"Mongolia",22.3,2012
"Mongolia",24,2011
"Mongolia",26.1,2010
"Mongolia",28.6,2009
"Mongolia",31.4,2008
"Mongolia",34.5,2007
"Mongolia",37.8,2006
"Mongolia",41.4,2005
"Mongolia",45.2,2004
"Mongolia",49.4,2003
"Mongolia",53.9,2002
"Mongolia",58.6,2001
"Mongolia",63.4,2000
"Macao SAR, China",,2017
"Macao SAR, China",,2016
"Macao SAR, China",,2015
"Macao SAR, China",,2014
"Macao SAR, China",,2013
"Macao SAR, China",,2012
"Macao SAR, China",,2011
"Macao SAR, China",,2010
"Macao SAR, China",,2009
"Macao SAR, China",,2008
"Macao SAR, China",,2007
"Macao SAR, China",,2006
"Macao SAR, China",,2005
"Macao SAR, China",,2004
"Macao SAR, China",,2003
"Macao SAR, China",,2002
"Macao SAR, China",,2001
"Macao SAR, China",,2000
"Northern Mariana Islands",,2017
"Northern Mariana Islands",,2016
"Northern Mariana Islands",,2015
"Northern Mariana Islands",,2014
"Northern Mariana Islands",,2013
"Northern Mariana Islands",,2012
"Northern Mariana Islands",,2011
"Northern Mariana Islands",,2010
"Northern Mariana Islands",,2009
"Northern Mariana Islands",,2008
"Northern Mariana Islands",,2007
"Northern Mariana Islands",,2006
"Northern Mariana Islands",,2005
"Northern Mariana Islands",,2004
"Northern Mariana Islands",,2003
"Northern Mariana Islands",,2002
"Northern Mariana Islands",,2001
"Northern Mariana Islands",,2000
"Mauritania",,2017
"Mauritania",81.4,2016
"Mauritania",83.9,2015
"Mauritania",86.7,2014
"Mauritania",89.4,2013
"Mauritania",91.9,2012
"Mauritania",94.6,2011
"Mauritania",97.4,2010
"Mauritania",100.2,2009
"Mauritania",102.8,2008
"Mauritania",105.2,2007
"Mauritania",107.4,2006
"Mauritania",109.4,2005
"Mauritania",110.9,2004
"Mauritania",111.9,2003
"Mauritania",112.5,2002
"Mauritania",112.8,2001
"Mauritania",113.1,2000
"Malta",,2017
"Malta",6.8,2016
"Malta",6.9,2015
"Malta",6.9,2014
"Malta",6.9,2013
"Malta",6.9,2012
"Malta",6.9,2011
"Malta",6.8,2010
"Malta",6.8,2009
"Malta",6.8,2008
"Malta",6.8,2007
"Malta",6.9,2006
"Malta",6.9,2005
"Malta",7,2004
"Malta",7.1,2003
"Malta",7.3,2002
"Malta",7.5,2001
"Malta",7.7,2000
"Mauritius",,2017
"Mauritius",13.7,2016
"Mauritius",14.3,2015
"Mauritius",14.7,2014
"Mauritius",14.8,2013
"Mauritius",14.8,2012
"Mauritius",14.9,2011
"Mauritius",15,2010
"Mauritius",15.4,2009
"Mauritius",15.8,2008
"Mauritius",16.1,2007
"Mauritius",16,2006
"Mauritius",15.7,2005
"Mauritius",15.5,2004
"Mauritius",15.6,2003
"Mauritius",16.1,2002
"Mauritius",17.1,2001
"Mauritius",18.5,2000
"Maldives",,2017
"Maldives",8.5,2016
"Maldives",9,2015
"Maldives",9.5,2014
"Maldives",10.2,2013
"Maldives",11,2012
"Maldives",12,2011
"Maldives",13.2,2010
"Maldives",14.5,2009
"Maldives",16,2008
"Maldives",17.8,2007
"Maldives",20,2006
"Maldives",22.6,2005
"Maldives",28.6,2004
"Maldives",29.4,2003
"Maldives",33.7,2002
"Maldives",38.4,2001
"Maldives",43.5,2000
"Malawi",,2017
"Malawi",55.1,2016
"Malawi",59.1,2015
"Malawi",63.3,2014
"Malawi",68.7,2013
"Malawi",75.5,2012
"Malawi",83.2,2011
"Malawi",90.5,2010
"Malawi",95.7,2009
"Malawi",100.5,2008
"Malawi",105.1,2007
"Malawi",109.6,2006
"Malawi",115.4,2005
"Malawi",124.2,2004
"Malawi",135.9,2003
"Malawi",149.2,2002
"Malawi",162.6,2001
"Malawi",174.7,2000
"Mexico",,2017
"Mexico",14.6,2016
"Mexico",15,2015
"Mexico",15.4,2014
"Mexico",15.9,2013
"Mexico",16.3,2012
"Mexico",16.8,2011
"Mexico",17.3,2010
"Mexico",17.8,2009
"Mexico",18.4,2008
"Mexico",19,2007
"Mexico",19.8,2006
"Mexico",20.6,2005
"Mexico",21.6,2004
"Mexico",22.7,2003
"Mexico",23.9,2002
"Mexico",25.3,2001
"Mexico",26.8,2000
"Malaysia",,2017
"Malaysia",8.3,2016
"Malaysia",8.2,2015
"Malaysia",8.1,2014
"Malaysia",8,2013
"Malaysia",8,2012
"Malaysia",7.9,2011
"Malaysia",7.9,2010
"Malaysia",7.9,2009
"Malaysia",7.9,2008
"Malaysia",7.9,2007
"Malaysia",8,2006
"Malaysia",8.1,2005
"Malaysia",8.3,2004
"Malaysia",8.6,2003
"Malaysia",8.9,2002
"Malaysia",9.4,2001
"Malaysia",10.2,2000
"Mozambique",,2017
"Mozambique",71.3,2016
"Mozambique",75.1,2015
"Mozambique",79.9,2014
"Mozambique",84.7,2013
"Mozambique",89.5,2012
"Mozambique",95.3,2011
"Mozambique",100.8,2010
"Mozambique",105.7,2009
"Mozambique",111.9,2008
"Mozambique",118.7,2007
"Mozambique",126.8,2006
"Mozambique",133.5,2005
"Mozambique",140.7,2004
"Mozambique",148.3,2003
"Mozambique",156.4,2002
"Mozambique",165.5,2001
"Mozambique",175.6,2000
"Namibia",,2017
"Namibia",45.2,2016
"Namibia",48,2015
"Namibia",48.4,2014
"Namibia",50.6,2013
"Namibia",53.4,2012
"Namibia",54,2011
"Namibia",56,2010
"Namibia",58.6,2009
"Namibia",60.9,2008
"Namibia",63.7,2007
"Namibia",67,2006
"Namibia",71,2005
"Namibia",74.2,2004
"Namibia",75.3,2003
"Namibia",75.5,2002
"Namibia",75.2,2001
"Namibia",74.6,2000
"New Caledonia",,2017
"New Caledonia",,2016
"New Caledonia",,2015
"New Caledonia",,2014
"New Caledonia",,2013
"New Caledonia",,2012
"New Caledonia",,2011
"New Caledonia",,2010
"New Caledonia",,2009
"New Caledonia",,2008
"New Caledonia",,2007
"New Caledonia",,2006
"New Caledonia",,2005
"New Caledonia",,2004
"New Caledonia",,2003
"New Caledonia",,2002
"New Caledonia",,2001
"New Caledonia",,2000
"Niger",,2017
"Niger",91.3,2016
"Niger",95,2015
"Niger",99.2,2014
"Niger",104,2013
"Niger",109.2,2012
"Niger",115.8,2011
"Niger",123.3,2010
"Niger",131.6,2009
"Niger",140.8,2008
"Niger",150.8,2007
"Niger",161.3,2006
"Niger",172.3,2005
"Niger",183.7,2004
"Niger",195.2,2003
"Niger",206.5,2002
"Niger",217,2001
"Niger",226.5,2000
"Nigeria",,2017
"Nigeria",104.3,2016
"Nigeria",108,2015
"Nigeria",111.6,2014
"Nigeria",115.6,2013
"Nigeria",120,2012
"Nigeria",124.6,2011
"Nigeria",129.6,2010
"Nigeria",134.8,2009
"Nigeria",140.3,2008
"Nigeria",146,2007
"Nigeria",151.9,2006
"Nigeria",157.9,2005
"Nigeria",164,2004
"Nigeria",169.9,2003
"Nigeria",175.9,2002
"Nigeria",181.7,2001
"Nigeria",187.4,2000
"Nicaragua",,2017
"Nicaragua",19.7,2016
"Nicaragua",20.3,2015
"Nicaragua",21,2014
"Nicaragua",21.8,2013
"Nicaragua",22.7,2012
"Nicaragua",23.6,2011
"Nicaragua",24.6,2010
"Nicaragua",25.7,2009
"Nicaragua",27,2008
"Nicaragua",28.4,2007
"Nicaragua",29.8,2006
"Nicaragua",31.4,2005
"Nicaragua",32.9,2004
"Nicaragua",34.6,2003
"Nicaragua",36.4,2002
"Nicaragua",38.3,2001
"Nicaragua",40.4,2000
"Netherlands",,2017
"Netherlands",3.8,2016
"Netherlands",3.9,2015
"Netherlands",4,2014
"Netherlands",4.1,2013
"Netherlands",4.2,2012
"Netherlands",4.3,2011
"Netherlands",4.5,2010
"Netherlands",4.6,2009
"Netherlands",4.8,2008
"Netherlands",5,2007
"Netherlands",5.2,2006
"Netherlands",5.4,2005
"Netherlands",5.6,2004
"Netherlands",5.7,2003
"Netherlands",5.9,2002
"Netherlands",6.1,2001
"Netherlands",6.2,2000
"Norway",,2017
"Norway",2.6,2016
"Norway",2.7,2015
"Norway",2.8,2014
"Norway",2.9,2013
"Norway",3,2012
"Norway",3.1,2011
"Norway",3.2,2010
"Norway",3.4,2009
"Norway",3.5,2008
"Norway",3.7,2007
"Norway",3.9,2006
"Norway",4,2005
"Norway",4.2,2004
"Norway",4.4,2003
"Norway",4.5,2002
"Norway",4.7,2001
"Norway",4.9,2000
"Nepal",,2017
"Nepal",34.5,2016
"Nepal",36.1,2015
"Nepal",38,2014
"Nepal",40.1,2013
"Nepal",42.3,2012
"Nepal",44.6,2011
"Nepal",47,2010
"Nepal",49.6,2009
"Nepal",52.3,2008
"Nepal",55.2,2007
"Nepal",58.2,2006
"Nepal",61.5,2005
"Nepal",65,2004
"Nepal",68.7,2003
"Nepal",72.8,2002
"Nepal",77.1,2001
"Nepal",81.7,2000
"Nauru",,2017
"Nauru",34.6,2016
"Nauru",35.6,2015
"Nauru",36.5,2014
"Nauru",37.4,2013
"Nauru",38.2,2012
"Nauru",38.9,2011
"Nauru",39.4,2010
"Nauru",39.8,2009
"Nauru",39.7,2008
"Nauru",39.4,2007
"Nauru",39.1,2006
"Nauru",38.8,2005
"Nauru",38.8,2004
"Nauru",39,2003
"Nauru",39.6,2002
"Nauru",40.3,2001
"Nauru",41.3,2000
"New Zealand",,2017
"New Zealand",5.4,2016
"New Zealand",5.6,2015
"New Zealand",5.7,2014
"New Zealand",5.9,2013
"New Zealand",6,2012
"New Zealand",6.1,2011
"New Zealand",6.2,2010
"New Zealand",6.3,2009
"New Zealand",6.4,2008
"New Zealand",6.4,2007
"New Zealand",6.5,2006
"New Zealand",6.6,2005
"New Zealand",6.7,2004
"New Zealand",6.9,2003
"New Zealand",7,2002
"New Zealand",7.2,2001
"New Zealand",7.4,2000
"Oman",,2017
"Oman",10.7,2016
"Oman",10.9,2015
"Oman",11,2014
"Oman",11.2,2013
"Oman",11.4,2012
"Oman",11.5,2011
"Oman",11.7,2010
"Oman",11.8,2009
"Oman",12,2008
"Oman",12.2,2007
"Oman",12.5,2006
"Oman",12.8,2005
"Oman",13.3,2004
"Oman",13.9,2003
"Oman",14.7,2002
"Oman",15.6,2001
"Oman",16.6,2000
"Panama",,2017
"Panama",16.4,2016
"Panama",16.9,2015
"Panama",17.4,2014
"Panama",17.9,2013
"Panama",18.5,2012
"Panama",19.1,2011
"Panama",19.7,2010
"Panama",20.3,2009
"Panama",20.9,2008
"Panama",21.6,2007
"Panama",22.2,2006
"Panama",22.8,2005
"Panama",23.4,2004
"Panama",24.1,2003
"Panama",24.7,2002
"Panama",25.4,2001
"Panama",26,2000
"Peru",,2017
"Peru",15.3,2016
"Peru",16,2015
"Peru",16.6,2014
"Peru",17.4,2013
"Peru",18.2,2012
"Peru",19.2,2011
"Peru",20.3,2010
"Peru",21.4,2009
"Peru",22.6,2008
"Peru",23.9,2007
"Peru",25.4,2006
"Peru",27,2005
"Peru",28.7,2004
"Peru",30.8,2003
"Peru",33,2002
"Peru",35.6,2001
"Peru",38.5,2000
"French Polynesia",,2017
"French Polynesia",,2016
"French Polynesia",,2014
"French Polynesia",,2013
"French Polynesia",,2012
"French Polynesia",,2015
"French Polynesia",,2008
"French Polynesia",,2007
"French Polynesia",,2006
"French Polynesia",,2005
"French Polynesia",,2004
"French Polynesia",,2003
"French Polynesia",,2002
"French Polynesia",,2001
"French Polynesia",,2000
"French Polynesia",,2011
"French Polynesia",,2010
"French Polynesia",,2009
"Papua New Guinea",,2017
"Papua New Guinea",54.3,2016
"Papua New Guinea",56.2,2015
"Papua New Guinea",57.9,2014
"Papua New Guinea",59.5,2013
"Papua New Guinea",61.5,2012
"Papua New Guinea",63.3,2011
"Papua New Guinea",65.2,2010
"Papua New Guinea",67,2009
"Papua New Guinea",68.8,2008
"Papua New Guinea",70.4,2007
"Papua New Guinea",71.9,2006
"Papua New Guinea",73.1,2005
"Papua New Guinea",74.1,2004
"Papua New Guinea",74.9,2003
"Papua New Guinea",75.7,2002
"Papua New Guinea",76.5,2001
"Papua New Guinea",77.2,2000
"Philippines",,2017
"Philippines",27.1,2016
"Philippines",28,2015
"Philippines",28.8,2014
"Philippines",29.6,2013
"Philippines",30.4,2012
"Philippines",31.1,2011
"Philippines",31.9,2010
"Philippines",32.6,2009
"Philippines",33.4,2008
"Philippines",34.2,2007
"Philippines",35,2006
"Philippines",35.8,2005
"Philippines",36.6,2004
"Philippines",37.4,2003
"Philippines",38.2,2002
"Philippines",38.9,2001
"Philippines",39.7,2000
"Pakistan",,2017
"Pakistan",78.8,2016
"Pakistan",81,2015
"Pakistan",83.3,2014
"Pakistan",85.7,2013
"Pakistan",88,2012
"Pakistan",90.1,2011
"Pakistan",92.1,2010
"Pakistan",93.9,2009
"Pakistan",95.8,2008
"Pakistan",97.7,2007
"Pakistan",99.6,2006
"Pakistan",101.6,2005
"Pakistan",103.6,2004
"Pakistan",105.7,2003
"Pakistan",108,2002
"Pakistan",110.3,2001
"Pakistan",112.8,2000
"Poland",,2017
"Poland",4.7,2016
"Poland",4.9,2015
"Poland",5,2014
"Poland",5.2,2013
"Poland",5.4,2012
"Poland",5.7,2011
"Poland",6,2010
"Poland",6.3,2009
"Poland",6.7,2008
"Poland",7,2007
"Poland",7.3,2006
"Poland",7.5,2005
"Poland",7.8,2004
"Poland",8.1,2003
"Poland",8.4,2002
"Poland",8.8,2001
"Poland",9.3,2000
"Puerto Rico",,2017
"Puerto Rico",,2016
"Puerto Rico",,2015
"Puerto Rico",,2014
"Puerto Rico",,2013
"Puerto Rico",,2012
"Puerto Rico",,2011
"Puerto Rico",,2010
"Puerto Rico",,2009
"Puerto Rico",,2008
"Puerto Rico",,2007
"Puerto Rico",,2006
"Puerto Rico",,2005
"Puerto Rico",,2004
"Puerto Rico",,2003
"Puerto Rico",,2002
"Puerto Rico",,2001
"Puerto Rico",,2000
"Occupied Palestinian Territory",,2017
"Occupied Palestinian Territory",19.4,2016
"Occupied Palestinian Territory",20,2015
"Occupied Palestinian Territory",20.6,2014
"Occupied Palestinian Territory",21.2,2013
"Occupied Palestinian Territory",21.8,2012
"Occupied Palestinian Territory",22.4,2011
"Occupied Palestinian Territory",23,2010
"Occupied Palestinian Territory",23.6,2009
"Occupied Palestinian Territory",24.2,2008
"Occupied Palestinian Territory",24.8,2007
"Occupied Palestinian Territory",25.5,2006
"Occupied Palestinian Territory",26.1,2005
"Occupied Palestinian Territory",26.8,2004
"Occupied Palestinian Territory",27.4,2003
"Occupied Palestinian Territory",28.2,2002
"Occupied Palestinian Territory",29,2001
"Occupied Palestinian Territory",29.9,2000
"Portugal",,2017
"Portugal",3.5,2016
"Portugal",3.5,2015
"Portugal",3.6,2014
"Portugal",3.7,2013
"Portugal",3.7,2012
"Portugal",3.8,2011
"Portugal",3.9,2010
"Portugal",4,2009
"Portugal",4.1,2008
"Portugal",4.2,2007
"Portugal",4.4,2006
"Portugal",4.7,2005
"Portugal",5.1,2004
"Portugal",5.6,2003
"Portugal",6.1,2002
"Portugal",6.7,2001
"Portugal",7.2,2000
"Palau",,2017
"Palau",15.9,2016
"Palau",16.4,2015
"Palau",17,2014
"Palau",17.6,2013
"Palau",18.1,2012
"Palau",18.7,2011
"Palau",19.3,2010
"Palau",20,2009
"Palau",20.7,2008
"Palau",21.4,2007
"Palau",22,2006
"Palau",22.8,2005
"Palau",23.6,2004
"Palau",24.3,2003
"Palau",25.1,2002
"Palau",25.9,2001
"Palau",26.8,2000
"Paraguay",,2017
"Paraguay",19.9,2016
"Paraguay",20.6,2015
"Paraguay",21.2,2014
"Paraguay",21.9,2013
"Paraguay",22.6,2012
"Paraguay",23.3,2011
"Paraguay",24.1,2010
"Paraguay",25,2009
"Paraguay",25.8,2008
"Paraguay",26.7,2007
"Paraguay",27.5,2006
"Paraguay",28.5,2005
"Paraguay",29.5,2004
"Paraguay",30.5,2003
"Paraguay",31.5,2002
"Paraguay",32.6,2001
"Paraguay",33.6,2000
"Qatar",,2017
"Qatar",8.5,2016
"Qatar",8.6,2015
"Qatar",8.6,2014
"Qatar",8.7,2013
"Qatar",8.8,2012
"Qatar",8.9,2011
"Qatar",9,2010
"Qatar",9.2,2009
"Qatar",9.4,2008
"Qatar",9.7,2007
"Qatar",10,2006
"Qatar",10.4,2005
"Qatar",10.7,2004
"Qatar",11.1,2003
"Qatar",11.6,2002
"Qatar",12,2001
"Qatar",12.5,2000
"Romania",,2017
"Romania",9,2016
"Romania",9.2,2015
"Romania",9.5,2014
"Romania",10,2013
"Romania",10.5,2012
"Romania",11,2011
"Romania",11.5,2010
"Romania",12.1,2009
"Romania",13.1,2008
"Romania",14.5,2007
"Romania",16.2,2006
"Romania",17.9,2005
"Romania",19.3,2004
"Romania",20.1,2003
"Romania",20.5,2002
"Romania",21,2001
"Romania",22,2000
"Serbia",,2017
"Serbia",5.8,2016
"Serbia",6.2,2015
"Serbia",6.6,2014
"Serbia",6.9,2013
"Serbia",7.1,2012
"Serbia",7.4,2011
"Serbia",7.6,2010
"Serbia",7.8,2009
"Serbia",8,2008
"Serbia",8.1,2007
"Serbia",8.4,2006
"Serbia",8.9,2005
"Serbia",9.6,2004
"Serbia",10.6,2003
"Serbia",11.6,2002
"Serbia",12.3,2001
"Serbia",12.7,2000
"Russian Federation",,2017
"Russian Federation",7.7,2016
"Russian Federation",8,2015
"Russian Federation",8.3,2014
"Russian Federation",8.6,2013
"Russian Federation",9,2012
"Russian Federation",9.5,2011
"Russian Federation",10,2010
"Russian Federation",10.6,2009
"Russian Federation",11.2,2008
"Russian Federation",12,2007
"Russian Federation",12.9,2006
"Russian Federation",13.9,2005
"Russian Federation",15,2004
"Russian Federation",16.1,2003
"Russian Federation",17.3,2002
"Russian Federation",18.4,2001
"Russian Federation",19.4,2000
"Rwanda",,2017
"Rwanda",38.5,2016
"Rwanda",40.5,2015
"Rwanda",43.4,2014
"Rwanda",46.8,2013
"Rwanda",50.9,2012
"Rwanda",56.6,2011
"Rwanda",63.6,2010
"Rwanda",71.2,2009
"Rwanda",79.6,2008
"Rwanda",89.5,2007
"Rwanda",101.2,2006
"Rwanda",114.6,2005
"Rwanda",130,2004
"Rwanda",147,2003
"Rwanda",164.1,2002
"Rwanda",180.6,2001
"Rwanda",194.7,2000
"Saudi Arabia",,2017
"Saudi Arabia",12.9,2016
"Saudi Arabia",13.3,2015
"Saudi Arabia",13.8,2014
"Saudi Arabia",14.2,2013
"Saudi Arabia",14.7,2012
"Saudi Arabia",15.2,2011
"Saudi Arabia",15.7,2010
"Saudi Arabia",16.2,2009
"Saudi Arabia",16.8,2008
"Saudi Arabia",17.3,2007
"Saudi Arabia",17.8,2006
"Saudi Arabia",18.2,2005
"Saudi Arabia",18.7,2004
"Saudi Arabia",19.3,2003
"Saudi Arabia",20.1,2002
"Saudi Arabia",21.1,2001
"Saudi Arabia",22.1,2000
"Solomon Islands",,2017
"Solomon Islands",25.8,2016
"Solomon Islands",26.3,2015
"Solomon Islands",26.8,2014
"Solomon Islands",27.2,2013
"Solomon Islands",27.6,2012
"Solomon Islands",27.8,2011
"Solomon Islands",28.1,2010
"Solomon Islands",28.4,2009
"Solomon Islands",28.6,2008
"Solomon Islands",28.7,2007
"Solomon Islands",28.8,2006
"Solomon Islands",28.8,2005
"Solomon Islands",28.9,2004
"Solomon Islands",29,2003
"Solomon Islands",29.2,2002
"Solomon Islands",29.5,2001
"Solomon Islands",29.9,2000
"Seychelles",,2017
"Seychelles",14.3,2016
"Seychelles",14.5,2015
"Seychelles",14.6,2014
"Seychelles",14.6,2013
"Seychelles",14.6,2012
"Seychelles",14.5,2011
"Seychelles",14.4,2010
"Seychelles",14.3,2009
"Seychelles",14.2,2008
"Seychelles",14.2,2007
"Seychelles",14.1,2006
"Seychelles",14.1,2005
"Seychelles",14.1,2004
"Seychelles",14,2003
"Seychelles",13.9,2002
"Seychelles",13.8,2001
"Seychelles",13.8,2000
"Sudan",,2017
"Sudan",65.1,2016
"Sudan",67.1,2015
"Sudan",69,2014
"Sudan",70.9,2013
"Sudan",72.8,2012
"Sudan",74.7,2011
"Sudan",76.7,2010
"Sudan",78.8,2009
"Sudan",81,2008
"Sudan",83.5,2007
"Sudan",86,2006
"Sudan",88.8,2005
"Sudan",91.7,2004
"Sudan",94.8,2003
"Sudan",98,2002
"Sudan",101.3,2001
"Sudan",104.7,2000
"Sweden",,2017
"Sweden",2.9,2016
"Sweden",2.9,2015
"Sweden",2.9,2014
"Sweden",2.9,2013
"Sweden",3,2012
"Sweden",3,2011
"Sweden",3,2010
"Sweden",3.1,2009
"Sweden",3.2,2008
"Sweden",3.3,2007
"Sweden",3.5,2006
"Sweden",3.6,2005
"Sweden",3.7,2004
"Sweden",3.9,2003
"Sweden",4,2002
"Sweden",4.1,2001
"Sweden",4.1,2000
"Singapore",,2017
"Singapore",2.8,2016
"Singapore",2.7,2015
"Singapore",2.7,2014
"Singapore",2.7,2013
"Singapore",2.8,2012
"Singapore",2.8,2011
"Singapore",2.8,2010
"Singapore",2.8,2009
"Singapore",2.8,2008
"Singapore",2.9,2007
"Singapore",2.9,2006
"Singapore",3,2005
"Singapore",3,2004
"Singapore",3.2,2003
"Singapore",3.4,2002
"Singapore",3.6,2001
"Singapore",3.9,2000
"Slovenia",,2017
"Slovenia",2.3,2016
"Slovenia",2.4,2015
"Slovenia",2.5,2014
"Slovenia",2.7,2013
"Slovenia",2.8,2012
"Slovenia",3,2011
"Slovenia",3.2,2010
"Slovenia",3.4,2009
"Slovenia",3.6,2008
"Slovenia",3.8,2007
"Slovenia",4,2006
"Slovenia",4.2,2005
"Slovenia",4.4,2004
"Slovenia",4.7,2003
"Slovenia",5,2002
"Slovenia",5.2,2001
"Slovenia",5.5,2000
"Slovakia",,2017
"Slovakia",5.9,2016
"Slovakia",6,2015
"Slovakia",6.2,2014
"Slovakia",6.4,2013
"Slovakia",6.6,2012
"Slovakia",6.8,2011
"Slovakia",7,2010
"Slovakia",7.2,2009
"Slovakia",7.4,2008
"Slovakia",7.7,2007
"Slovakia",7.9,2006
"Slovakia",8.2,2005
"Slovakia",8.5,2004
"Slovakia",8.8,2003
"Slovakia",9.1,2002
"Slovakia",9.4,2001
"Slovakia",9.8,2000
"Sierra Leone",,2017
"Sierra Leone",113.5,2016
"Sierra Leone",118.8,2015
"Sierra Leone",124.9,2014
"Sierra Leone",132,2013
"Sierra Leone",140.4,2012
"Sierra Leone",149.8,2011
"Sierra Leone",159.7,2010
"Sierra Leone",169.6,2009
"Sierra Leone",179.1,2008
"Sierra Leone",187.9,2007
"Sierra Leone",196,2006
"Sierra Leone",203.5,2005
"Sierra Leone",210.2,2004
"Sierra Leone",216.4,2003
"Sierra Leone",222.5,2002
"Sierra Leone",228.3,2001
"Sierra Leone",233.9,2000
"San Marino",,2017
"San Marino",2.8,2016
"San Marino",2.9,2015
"San Marino",3,2014
"San Marino",3.1,2013
"San Marino",3.2,2012
"San Marino",3.3,2011
"San Marino",3.4,2010
"San Marino",3.6,2009
"San Marino",3.7,2008
"San Marino",3.8,2007
"San Marino",4,2006
"San Marino",4.2,2005
"San Marino",4.4,2004
"San Marino",4.6,2003
"San Marino",4.9,2002
"San Marino",5.2,2001
"San Marino",5.5,2000
"Senegal",,2017
"Senegal",47.1,2016
"Senegal",49.5,2015
"Senegal",52.3,2014
"Senegal",55.5,2013
"Senegal",58.9,2012
"Senegal",62.6,2011
"Senegal",66.8,2010
"Senegal",71.3,2009
"Senegal",76.4,2008
"Senegal",82,2007
"Senegal",88.4,2006
"Senegal",95.5,2005
"Senegal",103.2,2004
"Senegal",111.4,2003
"Senegal",119.7,2002
"Senegal",127.5,2001
"Senegal",134.2,2000
"Somalia",,2017
"Somalia",132.5,2016
"Somalia",136.7,2015
"Somalia",140.7,2014
"Somalia",145.2,2013
"Somalia",149.8,2012
"Somalia",154.4,2011
"Somalia",159.2,2010
"Somalia",163.7,2009
"Somalia",168.5,2008
"Somalia",171.9,2007
"Somalia",173.7,2006
"Somalia",174.3,2005
"Somalia",174.4,2004
"Somalia",174.4,2003
"Somalia",174.4,2002
"Somalia",174.4,2001
"Somalia",174.4,2000
"Suriname",,2017
"Suriname",20,2016
"Suriname",20.6,2015
"Suriname",21.3,2014
"Suriname",21.9,2013
"Suriname",22.7,2012
"Suriname",23.3,2011
"Suriname",24.1,2010
"Suriname",24.8,2009
"Suriname",25.7,2008
"Suriname",26.5,2007
"Suriname",27.3,2006
"Suriname",28.3,2005
"Suriname",29.2,2004
"Suriname",30.2,2003
"Suriname",31.3,2002
"Suriname",32.4,2001
"Suriname",33.5,2000
"South Sudan",,2017
"South Sudan",90.7,2016
"South Sudan",93.8,2015
"South Sudan",96.9,2014
"South Sudan",100.6,2013
"South Sudan",104.3,2012
"South Sudan",108.3,2011
"South Sudan",112.5,2010
"South Sudan",117,2009
"South Sudan",122.1,2008
"South Sudan",127.9,2007
"South Sudan",134.3,2006
"South Sudan",141.6,2005
"South Sudan",149.3,2004
"South Sudan",157.6,2003
"South Sudan",166.2,2002
"South Sudan",175.2,2001
"South Sudan",184.4,2000
"Sao Tome and Principe",,2017
"Sao Tome and Principe",33.8,2016
"Sao Tome and Principe",35.2,2015
"Sao Tome and Principe",36.8,2014
"Sao Tome and Principe",38.6,2013
"Sao Tome and Principe",40.6,2012
"Sao Tome and Principe",42.9,2011
"Sao Tome and Principe",45.4,2010
"Sao Tome and Principe",48.2,2009
"Sao Tome and Principe",51.2,2008
"Sao Tome and Principe",54.3,2007
"Sao Tome and Principe",57.8,2006
"Sao Tome and Principe",61.5,2005
"Sao Tome and Principe",65.5,2004
"Sao Tome and Principe",69.7,2003
"Sao Tome and Principe",74.2,2002
"Sao Tome and Principe",78.7,2001
"Sao Tome and Principe",83.2,2000
"El Salvador",,2017
"El Salvador",15,2016
"El Salvador",16.1,2014
"El Salvador",16.8,2013
"El Salvador",17.5,2012
"El Salvador",15.5,2015
"El Salvador",22.3,2007
"El Salvador",23.4,2006
"El Salvador",24.7,2005
"El Salvador",26.1,2004
"El Salvador",27.5,2003
"El Salvador",29.1,2002
"El Salvador",30.7,2001
"El Salvador",32.5,2000
"El Salvador",21.2,2008
"El Salvador",18.3,2011
"El Salvador",19.2,2010
"El Salvador",20.2,2009
"Sint Maarten (Dutch part)",,2017
"Sint Maarten (Dutch part)",,2016
"Sint Maarten (Dutch part)",,2015
"Sint Maarten (Dutch part)",,2014
"Sint Maarten (Dutch part)",,2013
"Sint Maarten (Dutch part)",,2012
"Sint Maarten (Dutch part)",,2011
"Sint Maarten (Dutch part)",,2010
"Sint Maarten (Dutch part)",,2009
"Sint Maarten (Dutch part)",,2008
"Sint Maarten (Dutch part)",,2007
"Sint Maarten (Dutch part)",,2006
"Sint Maarten (Dutch part)",,2005
"Sint Maarten (Dutch part)",,2004
"Sint Maarten (Dutch part)",,2003
"Sint Maarten (Dutch part)",,2002
"Sint Maarten (Dutch part)",,2001
"Sint Maarten (Dutch part)",,2000
"Syrian Arab Republic",,2017
"Syrian Arab Republic",17.5,2016
"Syrian Arab Republic",17.4,2015
"Syrian Arab Republic",17.8,2014
"Syrian Arab Republic",17.9,2013
"Syrian Arab Republic",18.1,2012
"Syrian Arab Republic",16.5,2011
"Syrian Arab Republic",16.3,2010
"Syrian Arab Republic",16.4,2009
"Syrian Arab Republic",16.9,2008
"Syrian Arab Republic",17.5,2007
"Syrian Arab Republic",18.2,2006
"Syrian Arab Republic",19,2005
"Syrian Arab Republic",19.8,2004
"Syrian Arab Republic",20.7,2003
"Syrian Arab Republic",21.6,2002
"Syrian Arab Republic",22.5,2001
"Syrian Arab Republic",23.6,2000
"Swaziland",,2017
"Swaziland",70.4,2016
"Swaziland",71.3,2015
"Swaziland",74.1,2014
"Swaziland",78.4,2013
"Swaziland",82,2012
"Swaziland",84.1,2011
"Swaziland",97.4,2010
"Swaziland",104.9,2009
"Swaziland",110.1,2008
"Swaziland",111.7,2007
"Swaziland",117,2006
"Swaziland",124.7,2005
"Swaziland",125.9,2004
"Swaziland",125.7,2003
"Swaziland",124.1,2002
"Swaziland",121.6,2001
"Swaziland",117.5,2000
"Turks and Caicos Islands",,2017
"Turks and Caicos Islands",,2016
"Turks and Caicos Islands",,2015
"Turks and Caicos Islands",,2014
"Turks and Caicos Islands",,2013
"Turks and Caicos Islands",,2012
"Turks and Caicos Islands",,2011
"Turks and Caicos Islands",,2010
"Turks and Caicos Islands",,2009
"Turks and Caicos Islands",,2008
"Turks and Caicos Islands",,2007
"Turks and Caicos Islands",,2006
"Turks and Caicos Islands",,2005
"Turks and Caicos Islands",,2004
"Turks and Caicos Islands",,2003
"Turks and Caicos Islands",,2002
"Turks and Caicos Islands",,2001
"Turks and Caicos Islands",,2000
"Chad",,2017
"Chad",127.3,2016
"Chad",134.5,2014
"Chad",138.1,2013
"Chad",141.8,2012
"Chad",130.9,2015
"Chad",165.3,2006
"Chad",168.8,2005
"Chad",172.2,2004
"Chad",175.4,2003
"Chad",178.6,2002
"Chad",181.9,2001
"Chad",185.1,2000
"Chad",157.7,2008
"Chad",145.7,2011
"Chad",149.7,2010
"Chad",153.7,2009
"Chad",161.6,2007
"Togo",,2017
"Togo",75.7,2016
"Togo",78,2015
"Togo",80.4,2014
"Togo",82.9,2013
"Togo",85.3,2012
"Togo",87.7,2011
"Togo",90.3,2010
"Togo",92.9,2009
"Togo",95.6,2008
"Togo",98.3,2007
"Togo",101.1,2006
"Togo",103.9,2005
"Togo",106.9,2004
"Togo",109.9,2003
"Togo",112.9,2002
"Togo",116.1,2001
"Togo",119.3,2000
"Thailand",,2017
"Thailand",12.2,2016
"Thailand",12.6,2015
"Thailand",13,2014
"Thailand",13.4,2013
"Thailand",13.9,2012
"Thailand",14.4,2011
"Thailand",14.9,2010
"Thailand",15.4,2009
"Thailand",16,2008
"Thailand",16.7,2007
"Thailand",17.4,2006
"Thailand",18.2,2005
"Thailand",19.1,2004
"Thailand",20.1,2003
"Thailand",21,2002
"Thailand",22,2001
"Thailand",23.1,2000
"Tajikistan",,2017
"Tajikistan",43.1,2016
"Tajikistan",44.5,2015
"Tajikistan",46,2014
"Tajikistan",47.6,2013
"Tajikistan",49.2,2012
"Tajikistan",50.8,2011
"Tajikistan",52.4,2010
"Tajikistan",54.2,2009
"Tajikistan",56,2008
"Tajikistan",58.4,2007
"Tajikistan",61.2,2006
"Tajikistan",64.7,2005
"Tajikistan",69,2004
"Tajikistan",74.1,2003
"Tajikistan",79.9,2002
"Tajikistan",86.2,2001
"Tajikistan",92.7,2000
"Timor-Leste",,2017
"Timor-Leste",49.7,2016
"Timor-Leste",51.6,2015
"Timor-Leste",53.5,2014
"Timor-Leste",55.5,2013
"Timor-Leste",57.6,2012
"Timor-Leste",60,2011
"Timor-Leste",62.6,2010
"Timor-Leste",65.5,2009
"Timor-Leste",68.9,2008
"Timor-Leste",72.9,2007
"Timor-Leste",77.3,2006
"Timor-Leste",82.1,2005
"Timor-Leste",87.1,2004
"Timor-Leste",92.3,2003
"Timor-Leste",97.6,2002
"Timor-Leste",103.1,2001
"Timor-Leste",108.7,2000
"Turkmenistan",,2017
"Turkmenistan",51,2016
"Turkmenistan",52.6,2015
"Turkmenistan",54.5,2014
"Turkmenistan",56.3,2013
"Turkmenistan",58,2012
"Turkmenistan",60,2011
"Turkmenistan",62,2010
"Turkmenistan",64.1,2009
"Turkmenistan",66.1,2008
"Turkmenistan",68.1,2007
"Turkmenistan",70.3,2006
"Turkmenistan",72.5,2005
"Turkmenistan",74.4,2004
"Turkmenistan",76.7,2003
"Turkmenistan",78.8,2002
"Turkmenistan",80.9,2001
"Turkmenistan",83.1,2000
"Tunisia",,2017
"Tunisia",13.6,2016
"Tunisia",14,2015
"Tunisia",14.6,2014
"Tunisia",15.2,2013
"Tunisia",15.8,2012
"Tunisia",16.5,2011
"Tunisia",17.4,2010
"Tunisia",18.3,2009
"Tunisia",19.4,2008
"Tunisia",20.5,2007
"Tunisia",21.7,2006
"Tunisia",23,2005
"Tunisia",24.5,2004
"Tunisia",26,2003
"Tunisia",27.7,2002
"Tunisia",29.6,2001
"Tunisia",31.7,2000
"Tonga",,2017
"Tonga",16.4,2016
"Tonga",16.8,2015
"Tonga",17.1,2014
"Tonga",17.4,2013
"Tonga",17.5,2012
"Tonga",17.5,2011
"Tonga",17.4,2010
"Tonga",17.2,2009
"Tonga",16.9,2008
"Tonga",16.8,2007
"Tonga",16.6,2006
"Tonga",16.5,2005
"Tonga",16.6,2004
"Tonga",16.7,2003
"Tonga",16.9,2002
"Tonga",17.2,2001
"Tonga",17.4,2000
"Turkey",,2017
"Turkey",12.7,2016
"Turkey",13.6,2015
"Turkey",14.5,2014
"Turkey",15.5,2013
"Turkey",16.6,2012
"Turkey",17.8,2011
"Turkey",19.1,2010
"Turkey",20.5,2009
"Turkey",22.1,2008
"Turkey",23.7,2007
"Turkey",25.5,2006
"Turkey",27.4,2005
"Turkey",29.5,2004
"Turkey",31.7,2003
"Turkey",34,2002
"Turkey",36.5,2001
"Turkey",39.2,2000
"Trinidad and Tobago",,2017
"Trinidad and Tobago",18.5,2016
"Trinidad and Tobago",19.1,2015
"Trinidad and Tobago",19.8,2014
"Trinidad and Tobago",20.4,2013
"Trinidad and Tobago",21.1,2012
"Trinidad and Tobago",21.7,2011
"Trinidad and Tobago",22.4,2010
"Trinidad and Tobago",23,2009
"Trinidad and Tobago",23.6,2008
"Trinidad and Tobago",24.2,2007
"Trinidad and Tobago",24.9,2006
"Trinidad and Tobago",25.5,2005
"Trinidad and Tobago",26,2004
"Trinidad and Tobago",26.6,2003
"Trinidad and Tobago",27,2002
"Trinidad and Tobago",27.3,2001
"Trinidad and Tobago",27.5,2000
"Tuvalu",,2017
"Tuvalu",25.3,2016
"Tuvalu",26.2,2015
"Tuvalu",27.1,2014
"Tuvalu",27.9,2013
"Tuvalu",28.8,2012
"Tuvalu",29.7,2011
"Tuvalu",30.7,2010
"Tuvalu",31.8,2009
"Tuvalu",32.8,2008
"Tuvalu",33.8,2007
"Tuvalu",34.8,2006
"Tuvalu",35.9,2005
"Tuvalu",37,2004
"Tuvalu",38.2,2003
"Tuvalu",39.4,2002
"Tuvalu",40.8,2001
"Tuvalu",42.3,2000
"United Republic of Tanzania",,2017
"United Republic of Tanzania",56.7,2016
"United Republic of Tanzania",58.8,2015
"United Republic of Tanzania",60.9,2014
"United Republic of Tanzania",63.4,2013
"United Republic of Tanzania",65.8,2012
"United Republic of Tanzania",68.5,2011
"United Republic of Tanzania",71.9,2010
"United Republic of Tanzania",75.7,2009
"United Republic of Tanzania",79.2,2008
"United Republic of Tanzania",83.7,2007
"United Republic of Tanzania",88.5,2006
"United Republic of Tanzania",93.7,2005
"United Republic of Tanzania",99.8,2004
"United Republic of Tanzania",106.8,2003
"United Republic of Tanzania",114.7,2002
"United Republic of Tanzania",123.1,2001
"United Republic of Tanzania",131.8,2000
"Ukraine",,2017
"Ukraine",9.1,2016
"Ukraine",9.4,2015
"Ukraine",9.8,2014
"Ukraine",10.2,2013
"Ukraine",10.7,2012
"Ukraine",11.2,2011
"Ukraine",11.7,2010
"Ukraine",12.3,2009
"Ukraine",12.9,2008
"Ukraine",13.4,2007
"Ukraine",14,2006
"Ukraine",14.5,2005
"Ukraine",15.1,2004
"Ukraine",15.9,2003
"Ukraine",16.7,2002
"Ukraine",17.5,2001
"Ukraine",18.3,2000
"Uganda",,2017
"Uganda",53,2016
"Uganda",55.9,2015
"Uganda",60.1,2014
"Uganda",65,2013
"Uganda",70.2,2012
"Uganda",75.5,2011
"Uganda",81,2010
"Uganda",86.4,2009
"Uganda",92.6,2008
"Uganda",100.5,2007
"Uganda",109.8,2006
"Uganda",120.3,2005
"Uganda",131.3,2004
"Uganda",142.5,2003
"Uganda",153.1,2002
"Uganda",162.5,2001
"Uganda",170.1,2000
"United States of America",,2017
"United States of America",6.5,2016
"United States of America",6.6,2015
"United States of America",6.8,2014
"United States of America",6.9,2013
"United States of America",7,2012
"United States of America",7.2,2011
"United States of America",7.3,2010
"United States of America",7.5,2009
"United States of America",7.6,2008
"United States of America",7.8,2007
"United States of America",7.9,2006
"United States of America",8,2005
"United States of America",8.1,2004
"United States of America",8.1,2003
"United States of America",8.2,2002
"United States of America",8.3,2001
"United States of America",8.4,2000
"Uruguay",,2017
"Uruguay",9.2,2016
"Uruguay",9.3,2015
"Uruguay",9.5,2014
"Uruguay",9.7,2013
"Uruguay",9.9,2012
"Uruguay",10.2,2011
"Uruguay",10.6,2010
"Uruguay",11.1,2009
"Uruguay",11.8,2008
"Uruguay",12.7,2007
"Uruguay",13.6,2006
"Uruguay",14.4,2005
"Uruguay",15.2,2004
"Uruguay",15.8,2003
"Uruguay",16.2,2002
"Uruguay",16.6,2001
"Uruguay",17,2000
"Uzbekistan",,2017
"Uzbekistan",24.1,2016
"Uzbekistan",25.8,2015
"Uzbekistan",27.6,2014
"Uzbekistan",29.6,2013
"Uzbekistan",31.7,2012
"Uzbekistan",34,2011
"Uzbekistan",36.3,2010
"Uzbekistan",38.7,2009
"Uzbekistan",41.3,2008
"Uzbekistan",44,2007
"Uzbekistan",46.6,2006
"Uzbekistan",49.3,2005
"Uzbekistan",52,2004
"Uzbekistan",54.8,2003
"Uzbekistan",57.7,2002
"Uzbekistan",60.4,2001
"Uzbekistan",63,2000
"aint Vincent and the Grenadines",,2017
"aint Vincent and the Grenadines",16.6,2016
"aint Vincent and the Grenadines",17.2,2015
"aint Vincent and the Grenadines",17.9,2014
"aint Vincent and the Grenadines",18.6,2013
"aint Vincent and the Grenadines",19.3,2012
"aint Vincent and the Grenadines",20.1,2011
"aint Vincent and the Grenadines",20.7,2010
"aint Vincent and the Grenadines",21.3,2009
"aint Vincent and the Grenadines",21.7,2008
"aint Vincent and the Grenadines",22,2007
"aint Vincent and the Grenadines",22.1,2006
"aint Vincent and the Grenadines",22.2,2005
"aint Vincent and the Grenadines",22.2,2004
"aint Vincent and the Grenadines",22.3,2003
"aint Vincent and the Grenadines",22.3,2002
"aint Vincent and the Grenadines",22.3,2001
"aint Vincent and the Grenadines",22.4,2000
"Venezuela (Bolivarian Republic of)",,2017
"Venezuela (Bolivarian Republic of)",16.3,2016
"Venezuela (Bolivarian Republic of)",16.6,2015
"Venezuela (Bolivarian Republic of)",16.8,2014
"Venezuela (Bolivarian Republic of)",17,2013
"Venezuela (Bolivarian Republic of)",17.1,2012
"Venezuela (Bolivarian Republic of)",17.1,2011
"Venezuela (Bolivarian Republic of)",17.1,2010
"Venezuela (Bolivarian Republic of)",17.1,2009
"Venezuela (Bolivarian Republic of)",17.2,2008
"Venezuela (Bolivarian Republic of)",17.5,2007
"Venezuela (Bolivarian Republic of)",17.9,2006
"Venezuela (Bolivarian Republic of)",18.5,2005
"Venezuela (Bolivarian Republic of)",19.2,2004
"Venezuela (Bolivarian Republic of)",19.8,2003
"Venezuela (Bolivarian Republic of)",20.3,2002
"Venezuela (Bolivarian Republic of)",21,2001
"Venezuela (Bolivarian Republic of)",21.7,2000
"British Virgin Islands",,2017
"British Virgin Islands",,2016
"British Virgin Islands",,2010
"British Virgin Islands",,2009
"British Virgin Islands",,2008
"British Virgin Islands",,2007
"British Virgin Islands",,2006
"British Virgin Islands",,2005
"British Virgin Islands",,2004
"British Virgin Islands",,2003
"British Virgin Islands",,2015
"British Virgin Islands",,2014
"British Virgin Islands",,2013
"British Virgin Islands",,2012
"British Virgin Islands",,2011
"British Virgin Islands",,2000
"British Virgin Islands",,2002
"British Virgin Islands",,2001
"Virgin Islands (U.S.)",,2017
"Virgin Islands (U.S.)",,2016
"Virgin Islands (U.S.)",,2015
"Virgin Islands (U.S.)",,2014
"Virgin Islands (U.S.)",,2013
"Virgin Islands (U.S.)",,2012
"Virgin Islands (U.S.)",,2011
"Virgin Islands (U.S.)",,2010
"Virgin Islands (U.S.)",,2009
"Virgin Islands (U.S.)",,2008
"Virgin Islands (U.S.)",,2007
"Virgin Islands (U.S.)",,2006
"Virgin Islands (U.S.)",,2005
"Virgin Islands (U.S.)",,2004
"Virgin Islands (U.S.)",,2003
"Virgin Islands (U.S.)",,2002
"Virgin Islands (U.S.)",,2001
"Virgin Islands (U.S.)",,2000
"Viet Nam",,2017
"Viet Nam",21.6,2016
"Viet Nam",22,2015
"Viet Nam",22.3,2014
"Viet Nam",22.6,2013
"Viet Nam",22.8,2012
"Viet Nam",23.1,2011
"Viet Nam",23.3,2010
"Viet Nam",23.6,2009
"Viet Nam",23.9,2008
"Viet Nam",24.3,2007
"Viet Nam",24.8,2006
"Viet Nam",25.3,2005
"Viet Nam",26,2004
"Viet Nam",26.8,2003
"Viet Nam",27.7,2002
"Viet Nam",28.8,2001
"Viet Nam",30,2000
"Vanuatu",,2017
"Vanuatu",27.6,2016
"Vanuatu",28.2,2015
"Vanuatu",28.7,2014
"Vanuatu",29.1,2013
"Vanuatu",29.3,2012
"Vanuatu",29.3,2011
"Vanuatu",29.2,2010
"Vanuatu",29,2009
"Vanuatu",28.8,2008
"Vanuatu",28.7,2007
"Vanuatu",28.5,2006
"Vanuatu",28.4,2005
"Vanuatu",28.3,2004
"Vanuatu",28.2,2003
"Vanuatu",28.3,2002
"Vanuatu",28.5,2001
"Vanuatu",28.7,2000
"Samoa",,2017
"Samoa",17.3,2016
"Samoa",17.7,2015
"Samoa",18.1,2014
"Samoa",18.4,2013
"Samoa",18.7,2012
"Samoa",18.9,2011
"Samoa",18.9,2010
"Samoa",24.4,2009
"Samoa",19.1,2008
"Samoa",19.2,2007
"Samoa",19.3,2006
"Samoa",19.5,2005
"Samoa",19.8,2004
"Samoa",20.2,2003
"Samoa",20.7,2002
"Samoa",21.2,2001
"Samoa",21.9,2000
"Kosovo",,2017
"Kosovo",,2016
"Kosovo",,2015
"Kosovo",,2014
"Kosovo",,2013
"Kosovo",,2012
"Kosovo",,2011
"Kosovo",,2010
"Kosovo",,2009
"Kosovo",,2008
"Kosovo",,2007
"Kosovo",,2006
"Kosovo",,2005
"Kosovo",,2004
"Kosovo",,2003
"Kosovo",,2002
"Kosovo",,2001
"Kosovo",,2000
"Yemen",,2017
"Yemen",55.3,2016
"Yemen",55.3,2015
"Yemen",55.3,2014
"Yemen",55.3,2013
"Yemen",55.3,2012
"Yemen",55.5,2011
"Yemen",56.3,2010
"Yemen",58.3,2009
"Yemen",61.3,2008
"Yemen",64.8,2007
"Yemen",68.6,2006
"Yemen",72.7,2005
"Yemen",76.9,2004
"Yemen",81.3,2003
"Yemen",85.8,2002
"Yemen",90.5,2001
"Yemen",95.1,2000
"South Africa",,2017
"South Africa",43.3,2016
"South Africa",44.1,2015
"South Africa",44.5,2014
"South Africa",46,2013
"South Africa",48,2012
"South Africa",49.8,2011
"South Africa",53.7,2010
"South Africa",61.5,2009
"South Africa",66,2008
"South Africa",69.4,2007
"South Africa",72.6,2006
"South Africa",74.3,2005
"South Africa",74.4,2004
"South Africa",73.2,2003
"South Africa",71.1,2002
"South Africa",68.7,2001
"South Africa",66.7,2000
"Sub-Saharan Africa",126.514479932735,2005
"Sub-Saharan Africa",132.299790257516,2004
"Sub-Saharan Africa",138.107646926964,2003
"Sub-Saharan Africa",143.903268676658,2002
"Sub-Saharan Africa",149.520710749972,2001
"Sub-Saharan Africa",154.850004598081,2000
"Sub-Saharan Africa",88.1218580051898,2013
"Sub-Saharan Africa",91.9741083445391,2012
"Sub-Saharan Africa",96.0961306364371,2011
"Sub-Saharan Africa",100.588964785516,2010
"Sub-Saharan Africa",105.331264652624,2009
"Sub-Saharan Africa",110.262251332545,2008
"Sub-Saharan Africa",115.491838479581,2007
"Sub-Saharan Africa",120.927995499964,2006
"Sub-Saharan Africa",78.3439745080485,2016
"Sub-Saharan Africa",81.3450429285744,2015
"Sub-Saharan Africa",84.5653369969768,2014
"Sub-Saharan Africa",,2017
"Latin America & Caribbean",20.0029084854498,2012
"Latin America & Caribbean",20.7295348342523,2011
"Latin America & Caribbean",24.6241448952243,2010
"Latin America & Caribbean",22.2599647310698,2009
"Latin America & Caribbean",23.1147618491743,2008
"Latin America & Caribbean",,2017
"Latin America & Caribbean",17.50239982878,2016
"Latin America & Caribbean",18.0681685369457,2015
"Latin America & Caribbean",18.6623331209558,2014
"Latin America & Caribbean",19.3356335514575,2013
"Latin America & Caribbean",24.0519532662736,2007
"Latin America & Caribbean",25.0480158554315,2006
"Latin America & Caribbean",26.1875818610158,2005
"Latin America & Caribbean",27.426803528897,2004
"Latin America & Caribbean",28.7496743466917,2003
"Latin America & Caribbean",30.1633761351163,2002
"Latin America & Caribbean",31.7479180236624,2001
"Latin America & Caribbean",33.4310095962032,2000
"Zambia",,2017
"Zambia",63.4,2016
"Zambia",66.1,2015
"Zambia",69.6,2014
"Zambia",72.9,2013
"Zambia",76.1,2012
"Zambia",79.9,2011
"Zambia",83.1,2010
"Zambia",87.9,2009
"Zambia",93.5,2008
"Zambia",98,2007
"Zambia",102.6,2006
"Zambia",110.1,2005
"Zambia",119.7,2004
"Zambia",130.2,2003
"Zambia",141.4,2002
"Zambia",152.1,2001
"Zambia",160.6,2000
"Zimbabwe",,2017
"Zimbabwe",56.4,2016
"Zimbabwe",59.9,2015
"Zimbabwe",64.3,2014
"Zimbabwe",70,2013
"Zimbabwe",76,2012
"Zimbabwe",83.8,2011
"Zimbabwe",89.9,2010
"Zimbabwe",94.9,2009
"Zimbabwe",98,2008
"Zimbabwe",100,2007
"Zimbabwe",100.2,2006
"Zimbabwe",99.7,2005
"Zimbabwe",99,2004
"Zimbabwe",98.2,2003
"Zimbabwe",97.7,2002
"Zimbabwe",97.1,2001
"Zimbabwe",96.8,2000
